"","ONTOLOGY","ID","Description","setSize","enrichmentScore","NES","pvalue","p.adjust","qvalue","rank","leading_edge","core_enrichment"
"GO:0043232","CC","GO:0043232","intracellular non-membrane-bounded organelle",221,-0.559856305590697,-1.43935781897804,9.99900009999e-05,9.99900009999e-05,0.0159677179779175,1404,"tags=36%, list=26%, signal=28%","PF3D7_1345900/PF3D7_0111000/PF3D7_0219600/PF3D7_0503400/PF3D7_1403100/PF3D7_1407000/PF3D7_0729100/PF3D7_0525400/PF3D7_1412500/PF3D7_1227600/PF3D7_1118800/PF3D7_0903800/PF3D7_0723800/PF3D7_1449500/PF3D7_0410800/PF3D7_1322200/PF3D7_0605300/PF3D7_0516800/PF3D7_1017000/PF3D7_1118700/PF3D7_0509100/PF3D7_0924900/PF3D7_1325400/PF3D7_0523500/PF3D7_0531200/PF3D7_0616200/PF3D7_1227500/PF3D7_1342600/PF3D7_1440600/PF3D7_0204000/PF3D7_1146100/PF3D7_0418800/PF3D7_0504700/PF3D7_0414000/PF3D7_1463200/PF3D7_1453500/PF3D7_1361400/PF3D7_0307700/PF3D7_0307500/PF3D7_0316500/PF3D7_0612200/PF3D7_1245100/PF3D7_1246200/PF3D7_1021800/PF3D7_1455800/PF3D7_1209300/PF3D7_0909500/PF3D7_1304000/PF3D7_1456000/PF3D7_0218000/PF3D7_1446700/PF3D7_0911200/PF3D7_1034300/PF3D7_0320800/PF3D7_0607600/PF3D7_1211000/PF3D7_0308000/PF3D7_1107800/PF3D7_1429300/PF3D7_1409800/PF3D7_1474900/PF3D7_1446600/PF3D7_0705300/PF3D7_0630300/PF3D7_1475500/PF3D7_1440100/PF3D7_0420600/PF3D7_1239200/PF3D7_1103500/PF3D7_0613400/PF3D7_0109100/PF3D7_0825700/PF3D7_0825800/PF3D7_1207300/PF3D7_1230100/PF3D7_0724900/PF3D7_0903700/PF3D7_0504500/PF3D7_0904200"
"GO:0043228","CC","GO:0043228","non-membrane-bounded organelle",223,-0.555695764778458,-1.42907220821352,9.99900009999e-05,9.99900009999e-05,0.0159677179779175,1404,"tags=35%, list=26%, signal=27%","PF3D7_1345900/PF3D7_0111000/PF3D7_0219600/PF3D7_0503400/PF3D7_1403100/PF3D7_1407000/PF3D7_0729100/PF3D7_0525400/PF3D7_1412500/PF3D7_1227600/PF3D7_1118800/PF3D7_0903800/PF3D7_0723800/PF3D7_1449500/PF3D7_0410800/PF3D7_1322200/PF3D7_0605300/PF3D7_0516800/PF3D7_1017000/PF3D7_1118700/PF3D7_0509100/PF3D7_0924900/PF3D7_1325400/PF3D7_0523500/PF3D7_0531200/PF3D7_0616200/PF3D7_1227500/PF3D7_1342600/PF3D7_1440600/PF3D7_0204000/PF3D7_1146100/PF3D7_0418800/PF3D7_0504700/PF3D7_0414000/PF3D7_1463200/PF3D7_1453500/PF3D7_1361400/PF3D7_0307700/PF3D7_0307500/PF3D7_0316500/PF3D7_0612200/PF3D7_1245100/PF3D7_1246200/PF3D7_1021800/PF3D7_1455800/PF3D7_1209300/PF3D7_0909500/PF3D7_1304000/PF3D7_1456000/PF3D7_0218000/PF3D7_1446700/PF3D7_0911200/PF3D7_1034300/PF3D7_0320800/PF3D7_0607600/PF3D7_1211000/PF3D7_0308000/PF3D7_1107800/PF3D7_1429300/PF3D7_1409800/PF3D7_1474900/PF3D7_1446600/PF3D7_0705300/PF3D7_0630300/PF3D7_1475500/PF3D7_1440100/PF3D7_0420600/PF3D7_1239200/PF3D7_1103500/PF3D7_0613400/PF3D7_0109100/PF3D7_0825700/PF3D7_0825800/PF3D7_1207300/PF3D7_1230100/PF3D7_0724900/PF3D7_0903700/PF3D7_0504500/PF3D7_0904200"
"GO:0009536","CC","GO:0009536","plastid",344,-0.53018271980753,-1.37508047643861,9.99900009999e-05,9.99900009999e-05,0.0159677179779175,1943,"tags=58%, list=36%, signal=40%","PF3D7_1469600/PF3D7_0513400/PF3D7_0313300/PF3D7_0108700/PF3D7_1216000/PF3D7_0311200/PF3D7_1443700/PF3D7_0921700/PF3D7_0604900/PF3D7_1409100/PF3D7_1024000/PF3D7_0707800/PF3D7_1405400/PF3D7_1236700/PF3D7_1419200/PF3D7_0306600/PF3D7_0204600/PF3D7_0810100/PF3D7_0729200/PF3D7_1446200/PF3D7_0211400/PF3D7_1344600/PF3D7_0731600/PF3D7_0916500/PF3D7_0420200/PF3D7_0529100/PF3D7_0520800/PF3D7_0104400/PF3D7_0522700/PF3D7_0503100/PF3D7_0208500/PF3D7_1360300/PF3D7_0710300/PF3D7_1307600/PF3D7_0103600/PF3D7_1318200/PF3D7_1333000/PF3D7_1443900/PF3D7_0711000/PF3D7_0508200/PF3D7_0305000/PF3D7_0813700/PF3D7_1428600/PF3D7_0904700/PF3D7_0828200/PF3D7_0524600/PF3D7_0413800/PF3D7_1127400/PF3D7_0107700/PF3D7_0514300/PF3D7_0509600/PF3D7_0526700/PF3D7_1372400/PF3D7_0607300/PF3D7_0933300/PF3D7_0314300/PF3D7_0607900/PF3D7_1119000/PF3D7_0920200/PF3D7_1430700/PF3D7_0723700/PF3D7_1429100/PF3D7_0820100/PF3D7_1352000/PF3D7_0907900/PF3D7_1371500/PF3D7_1369600/PF3D7_1313200/PF3D7_1034600/PF3D7_0827500/PF3D7_0102300/PF3D7_0727100/PF3D7_1209600/PF3D7_1221800/PF3D7_1232000/PF3D7_1469000/PF3D7_0602400/PF3D7_1318100/PF3D7_0812220/PF3D7_0529300/PF3D7_1343500/PF3D7_1437200/PF3D7_0817100/PF3D7_0604400/PF3D7_0916200/PF3D7_0728800/PF3D7_1406400/PF3D7_0811900/PF3D7_0827600/PF3D7_0913700/PF3D7_0601900/PF3D7_1002600/PF3D7_1345500/PF3D7_1117500/PF3D7_0416100/PF3D7_1410700/PF3D7_0410700/PF3D7_0621000/PF3D7_1470800/PF3D7_0109850/PF3D7_1003200/PF3D7_0208600/PF3D7_1413500/PF3D7_1225900/PF3D7_1433700/PF3D7_0409500/PF3D7_1116500/PF3D7_0710500/PF3D7_0202700/PF3D7_0522500/PF3D7_0415700/PF3D7_0310000/PF3D7_0716600/PF3D7_0518100/PF3D7_0530200/PF3D7_1353300/PF3D7_1229600/PF3D7_0613200/PF3D7_0504000/PF3D7_0815000/PF3D7_1333200/PF3D7_0203900/PF3D7_0930100/PF3D7_0929900/PF3D7_1455900/PF3D7_1025300/PF3D7_0409700/PF3D7_1453500/PF3D7_1225100/PF3D7_1221700/PF3D7_1005900/PF3D7_1143000/PF3D7_1244000/PF3D7_1034200/PF3D7_1305100/PF3D7_0624400/PF3D7_0315400/PF3D7_1209900/PF3D7_1228700/PF3D7_0911700/PF3D7_0920600/PF3D7_1106200/PF3D7_0816600/PF3D7_1304600/PF3D7_0106900/PF3D7_1440800/PF3D7_1304100/PF3D7_1306200/PF3D7_1472700/PF3D7_0411200/PF3D7_0107900/PF3D7_0628800/PF3D7_0919600/PF3D7_0525700/PF3D7_0704900/PF3D7_0414100/PF3D7_1350700/PF3D7_1416800/PF3D7_0932600/PF3D7_0307400/PF3D7_0219500/PF3D7_1440200/PF3D7_0505400/PF3D7_0721100/PF3D7_1106300/PF3D7_1037100/PF3D7_1235600/PF3D7_1413400/PF3D7_1232100/PF3D7_0911600/PF3D7_1009600/PF3D7_1019900/PF3D7_1406600/PF3D7_1313400/PF3D7_0302600/PF3D7_0727500/PF3D7_1022800/PF3D7_0414700/PF3D7_0604700/PF3D7_0313900/PF3D7_1137500/PF3D7_1226900/PF3D7_0508800/PF3D7_1239700/PF3D7_0504400/PF3D7_0111500/PF3D7_1037500/PF3D7_1210000/PF3D7_0504200/PF3D7_0316400/PF3D7_1363700/PF3D7_1323600/PF3D7_0726700/PF3D7_0313800/PF3D7_0613400/PF3D7_1239500/PF3D7_0715400/PF3D7_0715200/PF3D7_1338600"
"GO:0020011","CC","GO:0020011","apicoplast",344,-0.53018271980753,-1.37508047643861,9.99900009999e-05,9.99900009999e-05,0.0159677179779175,1943,"tags=58%, list=36%, signal=40%","PF3D7_1469600/PF3D7_0513400/PF3D7_0313300/PF3D7_0108700/PF3D7_1216000/PF3D7_0311200/PF3D7_1443700/PF3D7_0921700/PF3D7_0604900/PF3D7_1409100/PF3D7_1024000/PF3D7_0707800/PF3D7_1405400/PF3D7_1236700/PF3D7_1419200/PF3D7_0306600/PF3D7_0204600/PF3D7_0810100/PF3D7_0729200/PF3D7_1446200/PF3D7_0211400/PF3D7_1344600/PF3D7_0731600/PF3D7_0916500/PF3D7_0420200/PF3D7_0529100/PF3D7_0520800/PF3D7_0104400/PF3D7_0522700/PF3D7_0503100/PF3D7_0208500/PF3D7_1360300/PF3D7_0710300/PF3D7_1307600/PF3D7_0103600/PF3D7_1318200/PF3D7_1333000/PF3D7_1443900/PF3D7_0711000/PF3D7_0508200/PF3D7_0305000/PF3D7_0813700/PF3D7_1428600/PF3D7_0904700/PF3D7_0828200/PF3D7_0524600/PF3D7_0413800/PF3D7_1127400/PF3D7_0107700/PF3D7_0514300/PF3D7_0509600/PF3D7_0526700/PF3D7_1372400/PF3D7_0607300/PF3D7_0933300/PF3D7_0314300/PF3D7_0607900/PF3D7_1119000/PF3D7_0920200/PF3D7_1430700/PF3D7_0723700/PF3D7_1429100/PF3D7_0820100/PF3D7_1352000/PF3D7_0907900/PF3D7_1371500/PF3D7_1369600/PF3D7_1313200/PF3D7_1034600/PF3D7_0827500/PF3D7_0102300/PF3D7_0727100/PF3D7_1209600/PF3D7_1221800/PF3D7_1232000/PF3D7_1469000/PF3D7_0602400/PF3D7_1318100/PF3D7_0812220/PF3D7_0529300/PF3D7_1343500/PF3D7_1437200/PF3D7_0817100/PF3D7_0604400/PF3D7_0916200/PF3D7_0728800/PF3D7_1406400/PF3D7_0811900/PF3D7_0827600/PF3D7_0913700/PF3D7_0601900/PF3D7_1002600/PF3D7_1345500/PF3D7_1117500/PF3D7_0416100/PF3D7_1410700/PF3D7_0410700/PF3D7_0621000/PF3D7_1470800/PF3D7_0109850/PF3D7_1003200/PF3D7_0208600/PF3D7_1413500/PF3D7_1225900/PF3D7_1433700/PF3D7_0409500/PF3D7_1116500/PF3D7_0710500/PF3D7_0202700/PF3D7_0522500/PF3D7_0415700/PF3D7_0310000/PF3D7_0716600/PF3D7_0518100/PF3D7_0530200/PF3D7_1353300/PF3D7_1229600/PF3D7_0613200/PF3D7_0504000/PF3D7_0815000/PF3D7_1333200/PF3D7_0203900/PF3D7_0930100/PF3D7_0929900/PF3D7_1455900/PF3D7_1025300/PF3D7_0409700/PF3D7_1453500/PF3D7_1225100/PF3D7_1221700/PF3D7_1005900/PF3D7_1143000/PF3D7_1244000/PF3D7_1034200/PF3D7_1305100/PF3D7_0624400/PF3D7_0315400/PF3D7_1209900/PF3D7_1228700/PF3D7_0911700/PF3D7_0920600/PF3D7_1106200/PF3D7_0816600/PF3D7_1304600/PF3D7_0106900/PF3D7_1440800/PF3D7_1304100/PF3D7_1306200/PF3D7_1472700/PF3D7_0411200/PF3D7_0107900/PF3D7_0628800/PF3D7_0919600/PF3D7_0525700/PF3D7_0704900/PF3D7_0414100/PF3D7_1350700/PF3D7_1416800/PF3D7_0932600/PF3D7_0307400/PF3D7_0219500/PF3D7_1440200/PF3D7_0505400/PF3D7_0721100/PF3D7_1106300/PF3D7_1037100/PF3D7_1235600/PF3D7_1413400/PF3D7_1232100/PF3D7_0911600/PF3D7_1009600/PF3D7_1019900/PF3D7_1406600/PF3D7_1313400/PF3D7_0302600/PF3D7_0727500/PF3D7_1022800/PF3D7_0414700/PF3D7_0604700/PF3D7_0313900/PF3D7_1137500/PF3D7_1226900/PF3D7_0508800/PF3D7_1239700/PF3D7_0504400/PF3D7_0111500/PF3D7_1037500/PF3D7_1210000/PF3D7_0504200/PF3D7_0316400/PF3D7_1363700/PF3D7_1323600/PF3D7_0726700/PF3D7_0313800/PF3D7_0613400/PF3D7_1239500/PF3D7_0715400/PF3D7_0715200/PF3D7_1338600"
"GO:0005739","CC","GO:0005739","mitochondrion",483,-0.470036573763029,-1.22565637345827,9.99900009999e-05,9.99900009999e-05,0.0159677179779175,2103,"tags=54%, list=39%, signal=36%","PF3D7_1357600/PF3D7_0521900/PF3D7_1112600/PF3D7_0406800/PF3D7_1108500/PF3D7_0603300/PF3D7_1139700/PF3D7_1344000/PF3D7_1450800/PF3D7_0722700/PF3D7_0212200/PF3D7_1134500/PF3D7_1311700/PF3D7_0823700/PF3D7_1144100/PF3D7_1411600/PF3D7_0920100/PF3D7_0523100/PF3D7_0213000/PF3D7_1246100/PF3D7_0515100/PF3D7_1118200/PF3D7_1143500/PF3D7_1032300/PF3D7_0414300/PF3D7_0513400/PF3D7_1025200/PF3D7_1460200/PF3D7_1239100/PF3D7_1311300/PF3D7_1336100/PF3D7_0717900/PF3D7_1216000/PF3D7_1339400/PF3D7_0213300/PF3D7_0622400/PF3D7_0630700/PF3D7_1114400/PF3D7_1450900/PF3D7_1224600/PF3D7_1454600/PF3D7_0817800/PF3D7_1236700/PF3D7_1017200/PF3D7_1306300/PF3D7_0918600/PF3D7_1339500/PF3D7_1332600/PF3D7_0416600/PF3D7_0827100/PF3D7_1028800/PF3D7_1015000/PF3D7_1414900/PF3D7_0617000/PF3D7_0524700/PF3D7_1360000/PF3D7_0603700/PF3D7_1404100/PF3D7_1330300/PF3D7_1462700/PF3D7_0620100/PF3D7_0817400/PF3D7_1345300/PF3D7_0821900/PF3D7_0707400/PF3D7_1428600/PF3D7_1024500/PF3D7_0924300/PF3D7_1436500/PF3D7_1356200/PF3D7_0932400/PF3D7_0413800/PF3D7_1368600/PF3D7_0820700/PF3D7_0306000/PF3D7_0719100/PF3D7_1353700/PF3D7_0306400/PF3D7_1330600/PF3D7_1004800/PF3D7_1124700/PF3D7_1134000/PF3D7_1208600/PF3D7_1022900/PF3D7_1008200/PF3D7_1447400/PF3D7_0519300/PF3D7_1246700/PF3D7_1428700/PF3D7_1245400/PF3D7_1125300/PF3D7_0608400/PF3D7_1463800/PF3D7_0622600/PF3D7_1337000/PF3D7_0211700/PF3D7_1435000/PF3D7_0609400/PF3D7_0105500/PF3D7_1314000/PF3D7_0213700/PF3D7_1476700/PF3D7_0211300/PF3D7_0305600/PF3D7_0823900/PF3D7_0827500/PF3D7_1202200/PF3D7_1309900/PF3D7_1303000/PF3D7_0217100/PF3D7_1234000/PF3D7_1129500/PF3D7_0420400/PF3D7_0322500/PF3D7_1363500/PF3D7_1242900/PF3D7_0503900/PF3D7_1224000/PF3D7_1362000/PF3D7_0525600/PF3D7_1026200/PF3D7_1120800/PF3D7_1201800/PF3D7_0603200/PF3D7_0915700/PF3D7_0318100/PF3D7_1439600/PF3D7_0612400/PF3D7_0618600/PF3D7_1474100/PF3D7_1009500/PF3D7_0611300/PF3D7_0715500/PF3D7_1342800/PF3D7_1347900/PF3D7_0828400/PF3D7_0207200/PF3D7_0925500/PF3D7_1029800/PF3D7_1206300/PF3D7_0934300/PF3D7_1230400/PF3D7_0531200/PF3D7_0829200/PF3D7_0518200/PF3D7_0302700/PF3D7_1223900/PF3D7_1326000/PF3D7_0927100/PF3D7_0503200/PF3D7_0504600/PF3D7_0728300/PF3D7_0111200/PF3D7_0815400/PF3D7_0502900/PF3D7_1215200/PF3D7_0903000/PF3D7_1347100/PF3D7_0210400/PF3D7_1242500/PF3D7_1430900/PF3D7_1312300/PF3D7_1434700/PF3D7_1215600/PF3D7_0203800/PF3D7_1025800/PF3D7_1004900/PF3D7_1134400/PF3D7_1456100/PF3D7_1025600/PF3D7_0825200/PF3D7_1365500/PF3D7_0415600/PF3D7_1320400/PF3D7_0316000/PF3D7_0726900/PF3D7_1325600/PF3D7_1141200/PF3D7_1215000/PF3D7_0109950/PF3D7_0919500/PF3D7_1232600/PF3D7_0625300/PF3D7_1313300/PF3D7_0405800/PF3D7_1207000/PF3D7_1143000/PF3D7_1034200/PF3D7_1368700/PF3D7_1446800/PF3D7_0824300/PF3D7_1014700/PF3D7_1448900/PF3D7_1003100/PF3D7_1441700/PF3D7_0513900/PF3D7_1112200/PF3D7_1209900/PF3D7_1406900/PF3D7_0610000/PF3D7_1443500/PF3D7_0616800/PF3D7_1012300/PF3D7_0514000/PF3D7_1229700/PF3D7_1241600/PF3D7_1235700/PF3D7_1312600/PF3D7_1123700/PF3D7_1024300/PF3D7_0927300/PF3D7_1232200/PF3D7_1434800/PF3D7_1449400/PF3D7_0932600/PF3D7_0311800/PF3D7_1431000/PF3D7_1475300/PF3D7_1024200/PF3D7_1147700/PF3D7_1304500/PF3D7_0816400/PF3D7_1019800/PF3D7_1234900/PF3D7_1235600/PF3D7_1415000/PF3D7_1132900/PF3D7_1361700/PF3D7_0204900/PF3D7_1208300/PF3D7_1239600/PF3D7_0607800/PF3D7_0315500/PF3D7_1034400/PF3D7_1015600/PF3D7_0105200/PF3D7_1038900/PF3D7_1417900/PF3D7_1233300/PF3D7_1318600/PF3D7_1012100/PF3D7_1310000/PF3D7_1435800/PF3D7_1137500/PF3D7_0316100/PF3D7_1320800/PF3D7_0810200/PF3D7_0611200/PF3D7_1239700/PF3D7_0408400/PF3D7_0718400/PF3D7_1221500/PF3D7_0824100/PF3D7_1210000/PF3D7_1312400/PF3D7_0705300/PF3D7_1215300/PF3D7_0608800/PF3D7_1440100/PF3D7_0303700"
"GO:0005694","CC","GO:0005694","chromosome",68,-0.606235211927356,-1.49756321076104,1e-04,1e-04,0.0159677179779175,1561,"tags=57%, list=29%, signal=41%","PF3D7_1318400/PF3D7_1139300/PF3D7_1111100/PF3D7_1345900/PF3D7_0219600/PF3D7_1403100/PF3D7_0729100/PF3D7_1227600/PF3D7_0723800/PF3D7_1449500/PF3D7_0410800/PF3D7_1322200/PF3D7_0516800/PF3D7_1017000/PF3D7_0509100/PF3D7_1325400/PF3D7_0616200/PF3D7_0204000/PF3D7_0414000/PF3D7_1463200/PF3D7_0307700/PF3D7_0307500/PF3D7_0316500/PF3D7_0612200/PF3D7_1245100/PF3D7_1021800/PF3D7_1209300/PF3D7_1304000/PF3D7_1456000/PF3D7_0218000/PF3D7_1446700/PF3D7_0911200/PF3D7_0308000/PF3D7_1107800/PF3D7_0705300/PF3D7_0630300/PF3D7_1440100/PF3D7_0420600/PF3D7_1239200"
"GO:0042000","BP","GO:0042000","translocation of peptides or proteins into host",14,-0.874761307784027,-1.88888986667962,0.000104525974704714,0.000104525974704714,0.0159677179779175,520,"tags=71%, list=10%, signal=65%","PF3D7_0700800/PF3D7_0222100/PF3D7_1039700/PF3D7_0713100/PF3D7_0324100/PF3D7_1101700/PF3D7_0101300/PF3D7_1100800/PF3D7_0701600/PF3D7_0114100"
"GO:0044417","BP","GO:0044417","translocation of molecules into host",14,-0.874761307784027,-1.88888986667962,0.000104525974704714,0.000104525974704714,0.0159677179779175,520,"tags=71%, list=10%, signal=65%","PF3D7_0700800/PF3D7_0222100/PF3D7_1039700/PF3D7_0713100/PF3D7_0324100/PF3D7_1101700/PF3D7_0101300/PF3D7_1100800/PF3D7_0701600/PF3D7_0114100"
"GO:0099080","CC","GO:0099080","supramolecular complex",35,-0.658262099071496,-1.56381021096684,0.000300993277816795,0.000300993277816795,0.0376844052777642,1404,"tags=71%, list=26%, signal=53%","PF3D7_1345900/PF3D7_0111000/PF3D7_0729100/PF3D7_0525400/PF3D7_1412500/PF3D7_1227600/PF3D7_0723800/PF3D7_0410800/PF3D7_1322200/PF3D7_0924900/PF3D7_0616200/PF3D7_0307700/PF3D7_0307500/PF3D7_0316500/PF3D7_1245100/PF3D7_1246200/PF3D7_0909500/PF3D7_1446700/PF3D7_0911200/PF3D7_0320800/PF3D7_1409800/PF3D7_1474900/PF3D7_0420600/PF3D7_1230100/PF3D7_0903700"
"GO:0044312","CC","GO:0044312","crystalloid",17,-0.750954175219085,-1.66596032484928,0.000308356460067838,0.000308356460067838,0.0376844052777642,826,"tags=76%, list=15%, signal=65%","PF3D7_1146100/PF3D7_0418800/PF3D7_1453500/PF3D7_1455800/PF3D7_1429300/PF3D7_1475500/PF3D7_1103500/PF3D7_0109100/PF3D7_0825700/PF3D7_0825800/PF3D7_1207300/PF3D7_0504500/PF3D7_0904200"
"GO:0030135","CC","GO:0030135","coated vesicle",11,0.674334043329152,2.17473533108843,0.00146627565982405,0.00146627565982405,0.131488697535649,840,"tags=64%, list=15%, signal=54%","PF3D7_1361100/PF3D7_0822600/PF3D7_0905900/PF3D7_0214100/PF3D7_1134800/PF3D7_0415400/PF3D7_1145100"
"GO:0044403","BP","GO:0044403","biological process involved in symbiotic interaction",374,-0.457650414070316,-1.18891849897862,0.0015998400159984,0.0015998400159984,0.131488697535649,2353,"tags=62%, list=43%, signal=38%","PF3D7_0404700/PF3D7_0412400/PF3D7_1418100/PF3D7_0421100/PF3D7_1101300/PF3D7_0100900/PF3D7_0500400/PF3D7_0937800/PF3D7_0425900/PF3D7_1104400/PF3D7_0115300/PF3D7_1240600/PF3D7_1012200/PF3D7_0324400/PF3D7_1200300/PF3D7_0712800/PF3D7_0500900/PF3D7_1000500/PF3D7_0612700/PF3D7_1300300/PF3D7_0800200/PF3D7_0808200/PF3D7_0632000/PF3D7_1400600/PF3D7_1471100/PF3D7_0101000/PF3D7_1150000/PF3D7_1100500/PF3D7_1254000/PF3D7_0222500/PF3D7_1040400/PF3D7_0420900/PF3D7_1150400/PF3D7_0700500/PF3D7_1017400/PF3D7_0412700/PF3D7_0937700/PF3D7_1400200/PF3D7_1150300/PF3D7_1108600/PF3D7_0732200/PF3D7_0200500/PF3D7_0632700/PF3D7_1200500/PF3D7_1479700/PF3D7_0929400/PF3D7_0732800/PF3D7_0712300/PF3D7_0223200/PF3D7_1035900/PF3D7_0806200/PF3D7_0800500/PF3D7_0425800/PF3D7_0900600/PF3D7_0401200/PF3D7_0909200/PF3D7_1254400/PF3D7_0400500/PF3D7_0400400/PF3D7_0413300/PF3D7_1101100/PF3D7_0806300/PF3D7_0632400/PF3D7_1254800/PF3D7_1040700/PF3D7_0937500/PF3D7_0424100/PF3D7_0600500/PF3D7_1252200/PF3D7_0401000/PF3D7_0901500/PF3D7_1400400/PF3D7_0400900/PF3D7_1041100/PF3D7_0115600/PF3D7_0930300/PF3D7_1000400/PF3D7_0201200/PF3D7_0600700/PF3D7_1017100/PF3D7_0400700/PF3D7_0200600/PF3D7_0304600/PF3D7_0900200/PF3D7_0115400/PF3D7_0300800/PF3D7_0617700/PF3D7_0832500/PF3D7_0901100/PF3D7_1451700/PF3D7_1479900/PF3D7_0201300/PF3D7_0901400/PF3D7_0115200/PF3D7_1200200/PF3D7_1255000/PF3D7_1150200/PF3D7_1100400/PF3D7_1134600/PF3D7_0833000/PF3D7_1000300/PF3D7_1400700/PF3D7_0207500/PF3D7_0808900/PF3D7_0102600/PF3D7_0732900/PF3D7_0631900/PF3D7_0832400/PF3D7_0300200/PF3D7_0617600/PF3D7_0712600/PF3D7_0104000/PF3D7_0632200/PF3D7_0901300/PF3D7_1041000/PF3D7_0201600/PF3D7_1254500/PF3D7_0500500/PF3D7_1040000/PF3D7_1300200/PF3D7_0631800/PF3D7_1040900/PF3D7_1116000/PF3D7_0304000/PF3D7_0900500/PF3D7_0413100/PF3D7_1373100/PF3D7_0324600/PF3D7_0732000/PF3D7_0901600/PF3D7_1480000/PF3D7_0629300/PF3D7_0222700/PF3D7_1243900/PF3D7_0305600/PF3D7_1218000/PF3D7_1035500/PF3D7_0425700/PF3D7_1035700/PF3D7_1040200/PF3D7_0600300/PF3D7_0808800/PF3D7_0201000/PF3D7_0819400/PF3D7_0707300/PF3D7_1039000/PF3D7_1232700/PF3D7_0100200/PF3D7_1149800/PF3D7_0223100/PF3D7_1300900/PF3D7_0200700/PF3D7_0222600/PF3D7_0932200/PF3D7_0532900/PF3D7_1252100/PF3D7_0100800/PF3D7_0113000/PF3D7_0413200/PF3D7_1255100/PF3D7_0700400/PF3D7_0937400/PF3D7_1414400/PF3D7_0425500/PF3D7_1342600/PF3D7_1149900/PF3D7_0200400/PF3D7_0400800/PF3D7_0700200/PF3D7_0100600/PF3D7_0102500/PF3D7_0424700/PF3D7_1254300/PF3D7_1254200/PF3D7_0900900/PF3D7_1436600/PF3D7_0312400/PF3D7_0401300/PF3D7_0423400/PF3D7_1040600/PF3D7_1133400/PF3D7_0316000/PF3D7_0114700/PF3D7_0800400/PF3D7_0402600/PF3D7_0207600/PF3D7_0217500/PF3D7_0828800/PF3D7_0101800/PF3D7_1250100/PF3D7_1216500/PF3D7_1346800/PF3D7_0713000/PF3D7_0700800/PF3D7_1254600/PF3D7_1479400/PF3D7_1247800/PF3D7_1449000/PF3D7_0726200/PF3D7_0202000/PF3D7_0300400/PF3D7_1246200/PF3D7_0222800/PF3D7_1021800/PF3D7_1401300/PF3D7_0423500/PF3D7_1222700/PF3D7_1254100/PF3D7_1028700/PF3D7_0222100/PF3D7_0532400/PF3D7_0221400/PF3D7_0300500/PF3D7_0210600/PF3D7_0832900/PF3D7_0732700/PF3D7_1310700/PF3D7_1039700/PF3D7_1479500/PF3D7_0713100/PF3D7_1465700/PF3D7_0832000/PF3D7_0324100/PF3D7_1372800/PF3D7_1101700/PF3D7_0101300/PF3D7_1000600/PF3D7_1100800/PF3D7_1207300/PF3D7_0701600/PF3D7_0114100/PF3D7_1371700/PF3D7_1221000"
"GO:0051701","BP","GO:0051701","biological process involved in interaction with host",374,-0.457650414070316,-1.18891849897862,0.0015998400159984,0.0015998400159984,0.131488697535649,2353,"tags=62%, list=43%, signal=38%","PF3D7_0404700/PF3D7_0412400/PF3D7_1418100/PF3D7_0421100/PF3D7_1101300/PF3D7_0100900/PF3D7_0500400/PF3D7_0937800/PF3D7_0425900/PF3D7_1104400/PF3D7_0115300/PF3D7_1240600/PF3D7_1012200/PF3D7_0324400/PF3D7_1200300/PF3D7_0712800/PF3D7_0500900/PF3D7_1000500/PF3D7_0612700/PF3D7_1300300/PF3D7_0800200/PF3D7_0808200/PF3D7_0632000/PF3D7_1400600/PF3D7_1471100/PF3D7_0101000/PF3D7_1150000/PF3D7_1100500/PF3D7_1254000/PF3D7_0222500/PF3D7_1040400/PF3D7_0420900/PF3D7_1150400/PF3D7_0700500/PF3D7_1017400/PF3D7_0412700/PF3D7_0937700/PF3D7_1400200/PF3D7_1150300/PF3D7_1108600/PF3D7_0732200/PF3D7_0200500/PF3D7_0632700/PF3D7_1200500/PF3D7_1479700/PF3D7_0929400/PF3D7_0732800/PF3D7_0712300/PF3D7_0223200/PF3D7_1035900/PF3D7_0806200/PF3D7_0800500/PF3D7_0425800/PF3D7_0900600/PF3D7_0401200/PF3D7_0909200/PF3D7_1254400/PF3D7_0400500/PF3D7_0400400/PF3D7_0413300/PF3D7_1101100/PF3D7_0806300/PF3D7_0632400/PF3D7_1254800/PF3D7_1040700/PF3D7_0937500/PF3D7_0424100/PF3D7_0600500/PF3D7_1252200/PF3D7_0401000/PF3D7_0901500/PF3D7_1400400/PF3D7_0400900/PF3D7_1041100/PF3D7_0115600/PF3D7_0930300/PF3D7_1000400/PF3D7_0201200/PF3D7_0600700/PF3D7_1017100/PF3D7_0400700/PF3D7_0200600/PF3D7_0304600/PF3D7_0900200/PF3D7_0115400/PF3D7_0300800/PF3D7_0617700/PF3D7_0832500/PF3D7_0901100/PF3D7_1451700/PF3D7_1479900/PF3D7_0201300/PF3D7_0901400/PF3D7_0115200/PF3D7_1200200/PF3D7_1255000/PF3D7_1150200/PF3D7_1100400/PF3D7_1134600/PF3D7_0833000/PF3D7_1000300/PF3D7_1400700/PF3D7_0207500/PF3D7_0808900/PF3D7_0102600/PF3D7_0732900/PF3D7_0631900/PF3D7_0832400/PF3D7_0300200/PF3D7_0617600/PF3D7_0712600/PF3D7_0104000/PF3D7_0632200/PF3D7_0901300/PF3D7_1041000/PF3D7_0201600/PF3D7_1254500/PF3D7_0500500/PF3D7_1040000/PF3D7_1300200/PF3D7_0631800/PF3D7_1040900/PF3D7_1116000/PF3D7_0304000/PF3D7_0900500/PF3D7_0413100/PF3D7_1373100/PF3D7_0324600/PF3D7_0732000/PF3D7_0901600/PF3D7_1480000/PF3D7_0629300/PF3D7_0222700/PF3D7_1243900/PF3D7_0305600/PF3D7_1218000/PF3D7_1035500/PF3D7_0425700/PF3D7_1035700/PF3D7_1040200/PF3D7_0600300/PF3D7_0808800/PF3D7_0201000/PF3D7_0819400/PF3D7_0707300/PF3D7_1039000/PF3D7_1232700/PF3D7_0100200/PF3D7_1149800/PF3D7_0223100/PF3D7_1300900/PF3D7_0200700/PF3D7_0222600/PF3D7_0932200/PF3D7_0532900/PF3D7_1252100/PF3D7_0100800/PF3D7_0113000/PF3D7_0413200/PF3D7_1255100/PF3D7_0700400/PF3D7_0937400/PF3D7_1414400/PF3D7_0425500/PF3D7_1342600/PF3D7_1149900/PF3D7_0200400/PF3D7_0400800/PF3D7_0700200/PF3D7_0100600/PF3D7_0102500/PF3D7_0424700/PF3D7_1254300/PF3D7_1254200/PF3D7_0900900/PF3D7_1436600/PF3D7_0312400/PF3D7_0401300/PF3D7_0423400/PF3D7_1040600/PF3D7_1133400/PF3D7_0316000/PF3D7_0114700/PF3D7_0800400/PF3D7_0402600/PF3D7_0207600/PF3D7_0217500/PF3D7_0828800/PF3D7_0101800/PF3D7_1250100/PF3D7_1216500/PF3D7_1346800/PF3D7_0713000/PF3D7_0700800/PF3D7_1254600/PF3D7_1479400/PF3D7_1247800/PF3D7_1449000/PF3D7_0726200/PF3D7_0202000/PF3D7_0300400/PF3D7_1246200/PF3D7_0222800/PF3D7_1021800/PF3D7_1401300/PF3D7_0423500/PF3D7_1222700/PF3D7_1254100/PF3D7_1028700/PF3D7_0222100/PF3D7_0532400/PF3D7_0221400/PF3D7_0300500/PF3D7_0210600/PF3D7_0832900/PF3D7_0732700/PF3D7_1310700/PF3D7_1039700/PF3D7_1479500/PF3D7_0713100/PF3D7_1465700/PF3D7_0832000/PF3D7_0324100/PF3D7_1372800/PF3D7_1101700/PF3D7_0101300/PF3D7_1000600/PF3D7_1100800/PF3D7_1207300/PF3D7_0701600/PF3D7_0114100/PF3D7_1371700/PF3D7_1221000"
"GO:0005856","CC","GO:0005856","cytoskeleton",34,-0.632757784529148,-1.50094767154319,0.00160545855910094,0.00160545855910094,0.131488697535649,1394,"tags=68%, list=26%, signal=51%","PF3D7_0111000/PF3D7_0503400/PF3D7_1412500/PF3D7_1118800/PF3D7_0605300/PF3D7_1118700/PF3D7_0924900/PF3D7_0523500/PF3D7_0616200/PF3D7_1227500/PF3D7_1342600/PF3D7_1440600/PF3D7_0504700/PF3D7_1361400/PF3D7_1246200/PF3D7_0909500/PF3D7_1034300/PF3D7_0607600/PF3D7_1211000/PF3D7_1446600/PF3D7_1230100/PF3D7_0724900/PF3D7_0903700"
"GO:0043565","MF","GO:0043565","sequence-specific DNA binding",26,-0.652972519354061,-1.51662202457414,0.00161387936251765,0.00161387936251765,0.131488697535649,580,"tags=35%, list=11%, signal=31%","PF3D7_1222400/PF3D7_1317200/PF3D7_1209300/PF3D7_1456000/PF3D7_0613800/PF3D7_1007700/PF3D7_1107800/PF3D7_0802100/PF3D7_0705300"
"GO:0044419","BP","GO:0044419","biological process involved in interspecies interaction between organisms",376,-0.455439323937091,-1.1833287323803,0.0021997800219978,0.0021997800219978,0.156881291804608,2353,"tags=62%, list=43%, signal=38%","PF3D7_0404700/PF3D7_0412400/PF3D7_1418100/PF3D7_0421100/PF3D7_1101300/PF3D7_0100900/PF3D7_0500400/PF3D7_0937800/PF3D7_0425900/PF3D7_1104400/PF3D7_0115300/PF3D7_1240600/PF3D7_1012200/PF3D7_0324400/PF3D7_1200300/PF3D7_0712800/PF3D7_0500900/PF3D7_1000500/PF3D7_0612700/PF3D7_1300300/PF3D7_0800200/PF3D7_0808200/PF3D7_0632000/PF3D7_1400600/PF3D7_1471100/PF3D7_0101000/PF3D7_1150000/PF3D7_1100500/PF3D7_1254000/PF3D7_0222500/PF3D7_1040400/PF3D7_0420900/PF3D7_1150400/PF3D7_0700500/PF3D7_1017400/PF3D7_0412700/PF3D7_0937700/PF3D7_1400200/PF3D7_1150300/PF3D7_1108600/PF3D7_0732200/PF3D7_0200500/PF3D7_0632700/PF3D7_1200500/PF3D7_1479700/PF3D7_0929400/PF3D7_0732800/PF3D7_0712300/PF3D7_0223200/PF3D7_1035900/PF3D7_0806200/PF3D7_0800500/PF3D7_0425800/PF3D7_0900600/PF3D7_0401200/PF3D7_0909200/PF3D7_1254400/PF3D7_0400500/PF3D7_0400400/PF3D7_0413300/PF3D7_1101100/PF3D7_0806300/PF3D7_0632400/PF3D7_1254800/PF3D7_1040700/PF3D7_0937500/PF3D7_0424100/PF3D7_0600500/PF3D7_1252200/PF3D7_0401000/PF3D7_0901500/PF3D7_1400400/PF3D7_0400900/PF3D7_1041100/PF3D7_0115600/PF3D7_0930300/PF3D7_1000400/PF3D7_0201200/PF3D7_0600700/PF3D7_1017100/PF3D7_0400700/PF3D7_0200600/PF3D7_0304600/PF3D7_0900200/PF3D7_0115400/PF3D7_0300800/PF3D7_0617700/PF3D7_0832500/PF3D7_0901100/PF3D7_1451700/PF3D7_1479900/PF3D7_0201300/PF3D7_0901400/PF3D7_0115200/PF3D7_1200200/PF3D7_1255000/PF3D7_1150200/PF3D7_1100400/PF3D7_1134600/PF3D7_0833000/PF3D7_1000300/PF3D7_1400700/PF3D7_0207500/PF3D7_0808900/PF3D7_0102600/PF3D7_0732900/PF3D7_0631900/PF3D7_0832400/PF3D7_0300200/PF3D7_0617600/PF3D7_0712600/PF3D7_0104000/PF3D7_0632200/PF3D7_0901300/PF3D7_1041000/PF3D7_0201600/PF3D7_1254500/PF3D7_0500500/PF3D7_1040000/PF3D7_1300200/PF3D7_0631800/PF3D7_1040900/PF3D7_1116000/PF3D7_0304000/PF3D7_0900500/PF3D7_0413100/PF3D7_1373100/PF3D7_0324600/PF3D7_0732000/PF3D7_0901600/PF3D7_1480000/PF3D7_0629300/PF3D7_0222700/PF3D7_1243900/PF3D7_0305600/PF3D7_1218000/PF3D7_1035500/PF3D7_0425700/PF3D7_1035700/PF3D7_1040200/PF3D7_0600300/PF3D7_0808800/PF3D7_0201000/PF3D7_0819400/PF3D7_0707300/PF3D7_1039000/PF3D7_1232700/PF3D7_0100200/PF3D7_1149800/PF3D7_0223100/PF3D7_1300900/PF3D7_0200700/PF3D7_0222600/PF3D7_0932200/PF3D7_0532900/PF3D7_1252100/PF3D7_0100800/PF3D7_0113000/PF3D7_0413200/PF3D7_1255100/PF3D7_0700400/PF3D7_0937400/PF3D7_1414400/PF3D7_0425500/PF3D7_1342600/PF3D7_1149900/PF3D7_0200400/PF3D7_0400800/PF3D7_0700200/PF3D7_0100600/PF3D7_0102500/PF3D7_0424700/PF3D7_1254300/PF3D7_1254200/PF3D7_0900900/PF3D7_1436600/PF3D7_0312400/PF3D7_0401300/PF3D7_0423400/PF3D7_1040600/PF3D7_1133400/PF3D7_0316000/PF3D7_0114700/PF3D7_0800400/PF3D7_0402600/PF3D7_0207600/PF3D7_0217500/PF3D7_0828800/PF3D7_0101800/PF3D7_1250100/PF3D7_1216500/PF3D7_1346800/PF3D7_0713000/PF3D7_0700800/PF3D7_1254600/PF3D7_1479400/PF3D7_1247800/PF3D7_1449000/PF3D7_0726200/PF3D7_0202000/PF3D7_0300400/PF3D7_1246200/PF3D7_0222800/PF3D7_1021800/PF3D7_1401300/PF3D7_0423500/PF3D7_1222700/PF3D7_1254100/PF3D7_1028700/PF3D7_0222100/PF3D7_0532400/PF3D7_0221400/PF3D7_0300500/PF3D7_0210600/PF3D7_0832900/PF3D7_0732700/PF3D7_1310700/PF3D7_1039700/PF3D7_1479500/PF3D7_0713100/PF3D7_1465700/PF3D7_0832000/PF3D7_0324100/PF3D7_1372800/PF3D7_1101700/PF3D7_0101300/PF3D7_1000600/PF3D7_1100800/PF3D7_1207300/PF3D7_0701600/PF3D7_0114100/PF3D7_1371700/PF3D7_1221000"
"GO:0012506","CC","GO:0012506","vesicle membrane",10,0.732905005585545,2.27563864509896,0.00256739409499358,0.00256739409499358,0.156881291804608,840,"tags=70%, list=15%, signal=59%","PF3D7_1361100/PF3D7_0822600/PF3D7_0905900/PF3D7_0214100/PF3D7_1134800/PF3D7_0415400/PF3D7_1145100"
"GO:0030120","CC","GO:0030120","vesicle coat",10,0.732905005585545,2.27563864509896,0.00256739409499358,0.00256739409499358,0.156881291804608,840,"tags=70%, list=15%, signal=59%","PF3D7_1361100/PF3D7_0822600/PF3D7_0905900/PF3D7_0214100/PF3D7_1134800/PF3D7_0415400/PF3D7_1145100"
"GO:0030659","CC","GO:0030659","cytoplasmic vesicle membrane",10,0.732905005585545,2.27563864509896,0.00256739409499358,0.00256739409499358,0.156881291804608,840,"tags=70%, list=15%, signal=59%","PF3D7_1361100/PF3D7_0822600/PF3D7_0905900/PF3D7_0214100/PF3D7_1134800/PF3D7_0415400/PF3D7_1145100"
"GO:0030662","CC","GO:0030662","coated vesicle membrane",10,0.732905005585545,2.27563864509896,0.00256739409499358,0.00256739409499358,0.156881291804608,840,"tags=70%, list=15%, signal=59%","PF3D7_1361100/PF3D7_0822600/PF3D7_0905900/PF3D7_0214100/PF3D7_1134800/PF3D7_0415400/PF3D7_1145100"
"GO:0006364","BP","GO:0006364","rRNA processing",16,0.592442396313364,2.25058564963477,0.00324675324675325,0.00324675324675325,0.188946391953911,2227,"tags=100%, list=41%, signal=59%","PF3D7_1407500/PF3D7_0208200/PF3D7_1461200/PF3D7_0526300/PF3D7_1028300/PF3D7_1109400/PF3D7_1118500/PF3D7_1471000/PF3D7_0410400/PF3D7_1021500/PF3D7_0818800/PF3D7_1237600/PF3D7_0323700/PF3D7_0522300/PF3D7_1307000/PF3D7_1207100"
"GO:0098687","CC","GO:0098687","chromosomal region",32,-0.619999152955554,-1.46429284638556,0.00361591000401768,0.00361591000401768,0.200864665773422,1241,"tags=62%, list=23%, signal=49%","PF3D7_1318400/PF3D7_1345900/PF3D7_0729100/PF3D7_1227600/PF3D7_0723800/PF3D7_0410800/PF3D7_1322200/PF3D7_0509100/PF3D7_0616200/PF3D7_0414000/PF3D7_0307700/PF3D7_0307500/PF3D7_0316500/PF3D7_0612200/PF3D7_1245100/PF3D7_1021800/PF3D7_1209300/PF3D7_1446700/PF3D7_0911200/PF3D7_0420600"
"GO:0016072","BP","GO:0016072","rRNA metabolic process",18,0.540844550986539,2.12802228943144,0.00409836065573771,0.00409836065573771,0.204143533476638,2508,"tags=100%, list=46%, signal=54%","PF3D7_1407500/PF3D7_0208200/PF3D7_1461200/PF3D7_0526300/PF3D7_1028300/PF3D7_1109400/PF3D7_1118500/PF3D7_1471000/PF3D7_1340100/PF3D7_0410400/PF3D7_1021500/PF3D7_0818800/PF3D7_1237600/PF3D7_0323700/PF3D7_0522300/PF3D7_1307000/PF3D7_1207100/PF3D7_1427800"
"GO:0020039","CC","GO:0020039","pellicle",67,-0.545869078366184,-1.34729943339506,0.0042004200420042,0.0042004200420042,0.204143533476638,1317,"tags=51%, list=24%, signal=39%","PF3D7_0304000/PF3D7_1431900/PF3D7_1431100/PF3D7_1417000/PF3D7_1345600/PF3D7_1460600/PF3D7_0415800/PF3D7_1342600/PF3D7_0708600/PF3D7_1024100/PF3D7_0723300/PF3D7_0525800/PF3D7_1028900/PF3D7_1003600/PF3D7_0816500/PF3D7_0109000/PF3D7_0308300/PF3D7_0423500/PF3D7_1222700/PF3D7_0722900/PF3D7_0530300/PF3D7_0304100/PF3D7_0515700/PF3D7_1341800/PF3D7_1430800/PF3D7_1031200/PF3D7_1310700/PF3D7_1406800/PF3D7_0717600/PF3D7_0929600/PF3D7_1141900/PF3D7_1221400/PF3D7_0515400/PF3D7_0407800"
"GO:0034708","CC","GO:0034708","methyltransferase complex",19,0.470306160088528,1.89259584811844,0.00458715596330275,0.00458715596330275,0.204143533476638,2891,"tags=100%, list=53%, signal=47%","PF3D7_0519700/PF3D7_1036900/PF3D7_0524000/PF3D7_1127300/PF3D7_1006200/PF3D7_0210900/PF3D7_1366300/PF3D7_1354300/PF3D7_1340300/PF3D7_1229500/PF3D7_0209800/PF3D7_1243800/PF3D7_1230800/PF3D7_0520000/PF3D7_0729500/PF3D7_0707200/PF3D7_1235500/PF3D7_1020900/PF3D7_0624000"
"GO:0032040","CC","GO:0032040","small-subunit processome",14,0.608662225038395,2.17763771177187,0.00459770114942529,0.00459770114942529,0.204143533476638,1517,"tags=71%, list=28%, signal=52%","PF3D7_0821500/PF3D7_1005100/PF3D7_1461200/PF3D7_1302700/PF3D7_1013100/PF3D7_1448000/PF3D7_0722600/PF3D7_0409200/PF3D7_1118500/PF3D7_1333600"
"GO:0042273","BP","GO:0042273","ribosomal large subunit biogenesis",14,0.596646397641422,2.13464815565782,0.00459770114942529,0.00459770114942529,0.204143533476638,2203,"tags=100%, list=40%, signal=60%","PF3D7_1407500/PF3D7_1431300/PF3D7_0203700/PF3D7_0729300/PF3D7_0921800/PF3D7_1251500/PF3D7_0612900/PF3D7_1466700/PF3D7_1367600/PF3D7_1445200/PF3D7_0729400/PF3D7_1332800/PF3D7_1146000/PF3D7_0630500"
"GO:0006897","BP","GO:0006897","endocytosis",7,0.786090482412801,2.07184926414461,0.00544323483670296,0.00544323483670296,0.204143533476638,661,"tags=71%, list=12%, signal=63%","PF3D7_1025000/PF3D7_1343700/PF3D7_0104300/PF3D7_1218300/PF3D7_0813000"
"GO:0042274","BP","GO:0042274","ribosomal small subunit biogenesis",8,0.745626107878472,2.07612522799023,0.00557620817843866,0.00557620817843866,0.204143533476638,1301,"tags=75%, list=24%, signal=57%","PF3D7_0821500/PF3D7_1407500/PF3D7_1005100/PF3D7_0208200/PF3D7_1461200/PF3D7_1217200"
"GO:0034399","CC","GO:0034399","nuclear periphery",34,-0.601388130450972,-1.42653656132542,0.0056191049568533,0.0056191049568533,0.204143533476638,770,"tags=26%, list=14%, signal=23%","PF3D7_0414000/PF3D7_0312400/PF3D7_1317400/PF3D7_0906000/PF3D7_0321400/PF3D7_1209300/PF3D7_0611200/PF3D7_0705300/PF3D7_1221000"
"GO:0015630","CC","GO:0015630","microtubule cytoskeleton",23,-0.647317420863044,-1.48489504951452,0.00587163393399474,0.00587163393399474,0.204143533476638,1072,"tags=61%, list=20%, signal=49%","PF3D7_0605300/PF3D7_0924900/PF3D7_0523500/PF3D7_0616200/PF3D7_1227500/PF3D7_0504700/PF3D7_0909500/PF3D7_1034300/PF3D7_0607600/PF3D7_1211000/PF3D7_1446600/PF3D7_1230100/PF3D7_0724900/PF3D7_0903700"
"GO:0006913","BP","GO:0006913","nucleocytoplasmic transport",13,0.520024824463697,1.80558737864071,0.00589390962671906,0.00589390962671906,0.204143533476638,1016,"tags=46%, list=19%, signal=38%","PF3D7_1473700/PF3D7_0302900/PF3D7_1412300/PF3D7_0419600/PF3D7_1315900/PF3D7_0524000"
"GO:0051169","BP","GO:0051169","nuclear transport",13,0.520024824463697,1.80558737864071,0.00589390962671906,0.00589390962671906,0.204143533476638,1016,"tags=46%, list=19%, signal=38%","PF3D7_1473700/PF3D7_0302900/PF3D7_1412300/PF3D7_0419600/PF3D7_1315900/PF3D7_0524000"
"GO:0005786","CC","GO:0005786","signal recognition particle, endoplasmic reticulum targeting",5,0.835908756438558,1.9039178014346,0.00598476605005441,0.00598476605005441,0.204143533476638,897,"tags=100%, list=16%, signal=84%","PF3D7_1136400/PF3D7_0621900/PF3D7_1216300/PF3D7_0729000/PF3D7_1450100"
"GO:0048500","CC","GO:0048500","signal recognition particle",5,0.835908756438558,1.9039178014346,0.00598476605005441,0.00598476605005441,0.204143533476638,897,"tags=100%, list=16%, signal=84%","PF3D7_1136400/PF3D7_0621900/PF3D7_1216300/PF3D7_0729000/PF3D7_1450100"
"GO:0097525","CC","GO:0097525","spliceosomal snRNP complex",21,0.465867158671587,1.95469800170552,0.00617283950617284,0.00617283950617284,0.204143533476638,2916,"tags=100%, list=54%, signal=47%","PF3D7_1355800/PF3D7_1350200/PF3D7_1018500/PF3D7_0409100/PF3D7_1309300/PF3D7_1343900/PF3D7_0308900/PF3D7_0819900/PF3D7_1367100/PF3D7_0522800/PF3D7_0812700/PF3D7_1474500/PF3D7_1360100/PF3D7_1234800/PF3D7_0323700/PF3D7_0520300/PF3D7_0822300/PF3D7_1003800/PF3D7_1107000/PF3D7_1126900/PF3D7_0829300"
"GO:0070258","CC","GO:0070258","inner membrane pellicle complex",65,-0.540610179409562,-1.3322395587277,0.00620124024804961,0.00620124024804961,0.204143533476638,1317,"tags=55%, list=24%, signal=42%","PF3D7_1205200/PF3D7_0611600/PF3D7_1246400/PF3D7_0304000/PF3D7_1431900/PF3D7_1431100/PF3D7_1417000/PF3D7_1345600/PF3D7_1460600/PF3D7_0415800/PF3D7_1342600/PF3D7_0708600/PF3D7_1024100/PF3D7_0723300/PF3D7_0525800/PF3D7_1028900/PF3D7_1003600/PF3D7_0816500/PF3D7_0109000/PF3D7_0308300/PF3D7_0423500/PF3D7_1222700/PF3D7_0722900/PF3D7_0530300/PF3D7_0304100/PF3D7_0515700/PF3D7_1341800/PF3D7_1430800/PF3D7_1031200/PF3D7_1310700/PF3D7_1406800/PF3D7_0717600/PF3D7_1141900/PF3D7_1221400/PF3D7_0515400/PF3D7_0407800"
"GO:0000775","CC","GO:0000775","chromosome, centromeric region",24,-0.640662224458556,-1.47552807515249,0.00637458261661439,0.00637458261661439,0.204143533476638,1561,"tags=75%, list=29%, signal=54%","PF3D7_1318400/PF3D7_1345900/PF3D7_0729100/PF3D7_1227600/PF3D7_0723800/PF3D7_0410800/PF3D7_1322200/PF3D7_0509100/PF3D7_0616200/PF3D7_0414000/PF3D7_0307700/PF3D7_0307500/PF3D7_0316500/PF3D7_1245100/PF3D7_1021800/PF3D7_1446700/PF3D7_0911200/PF3D7_0420600"
"GO:0006890","BP","GO:0006890","retrograde vesicle-mediated transport, Golgi to endoplasmic reticulum",6,0.803715392416038,1.97186696712505,0.00651465798045603,0.00651465798045603,0.204143533476638,840,"tags=83%, list=15%, signal=71%","PF3D7_0905900/PF3D7_1134800/PF3D7_0415400/PF3D7_0606700/PF3D7_1145100"
"GO:0030532","CC","GO:0030532","small nuclear ribonucleoprotein complex",22,0.465953127883373,2.03950268023757,0.00719424460431655,0.00719424460431655,0.208212839791787,2916,"tags=100%, list=54%, signal=47%","PF3D7_1355800/PF3D7_1350200/PF3D7_1018500/PF3D7_0409100/PF3D7_1309300/PF3D7_1343900/PF3D7_0308900/PF3D7_0819900/PF3D7_1367100/PF3D7_0522800/PF3D7_0812700/PF3D7_1474500/PF3D7_1360100/PF3D7_1125500/PF3D7_1234800/PF3D7_0323700/PF3D7_0520300/PF3D7_0822300/PF3D7_1003800/PF3D7_1107000/PF3D7_1126900/PF3D7_0829300"
"GO:0120114","CC","GO:0120114","Sm-like protein family complex",22,0.465953127883373,2.03950268023757,0.00719424460431655,0.00719424460431655,0.208212839791787,2916,"tags=100%, list=54%, signal=47%","PF3D7_1355800/PF3D7_1350200/PF3D7_1018500/PF3D7_0409100/PF3D7_1309300/PF3D7_1343900/PF3D7_0308900/PF3D7_0819900/PF3D7_1367100/PF3D7_0522800/PF3D7_0812700/PF3D7_1474500/PF3D7_1360100/PF3D7_1125500/PF3D7_1234800/PF3D7_0323700/PF3D7_0520300/PF3D7_0822300/PF3D7_1003800/PF3D7_1107000/PF3D7_1126900/PF3D7_0829300"
"GO:0036396","CC","GO:0036396","RNA N6-methyladenosine methyltransferase complex",17,0.470132743362832,1.81227165296713,0.00732600732600733,0.00732600732600733,0.208212839791787,2891,"tags=100%, list=53%, signal=47%","PF3D7_0519700/PF3D7_1036900/PF3D7_0524000/PF3D7_1006200/PF3D7_0210900/PF3D7_1366300/PF3D7_1354300/PF3D7_1340300/PF3D7_1229500/PF3D7_0209800/PF3D7_1230800/PF3D7_0520000/PF3D7_0729500/PF3D7_0707200/PF3D7_1235500/PF3D7_1020900/PF3D7_0624000"
"GO:0045293","CC","GO:0045293","mRNA editing complex",17,0.470132743362832,1.81227165296713,0.00732600732600733,0.00732600732600733,0.208212839791787,2891,"tags=100%, list=53%, signal=47%","PF3D7_0519700/PF3D7_1036900/PF3D7_0524000/PF3D7_1006200/PF3D7_0210900/PF3D7_1366300/PF3D7_1354300/PF3D7_1340300/PF3D7_1229500/PF3D7_0209800/PF3D7_1230800/PF3D7_0520000/PF3D7_0729500/PF3D7_0707200/PF3D7_1235500/PF3D7_1020900/PF3D7_0624000"
"GO:0006888","BP","GO:0006888","endoplasmic reticulum to Golgi vesicle-mediated transport",13,0.483379232879912,1.67834957280184,0.00785854616895874,0.00785854616895874,0.218272059860313,840,"tags=69%, list=15%, signal=59%","PF3D7_1361100/PF3D7_0822600/PF3D7_0905900/PF3D7_1429800/PF3D7_0214100/PF3D7_1134800/PF3D7_1332300/PF3D7_0606700/PF3D7_1145100"
"GO:0022627","CC","GO:0022627","cytosolic small ribosomal subunit",23,0.464562569213732,2.02936521708372,0.00806451612903226,0.00806451612903226,0.219015280135823,2924,"tags=100%, list=54%, signal=46%","PF3D7_1308300/PF3D7_1317800/PF3D7_1358800/PF3D7_0422400/PF3D7_0217800/PF3D7_0519400/PF3D7_0719700/PF3D7_0306900/PF3D7_1431700/PF3D7_0317600/PF3D7_1105400/PF3D7_0516200/PF3D7_0322900/PF3D7_0219200/PF3D7_0307100/PF3D7_1026800/PF3D7_1421200/PF3D7_1144000/PF3D7_1465900/PF3D7_1408600/PF3D7_1342000/PF3D7_1447000/PF3D7_0721600"
"GO:0000776","CC","GO:0000776","kinetochore",19,-0.657070218387079,-1.47794429879093,0.00899427636958299,0.00899427636958299,0.219842644928565,1404,"tags=74%, list=26%, signal=55%","PF3D7_1345900/PF3D7_0729100/PF3D7_1227600/PF3D7_0723800/PF3D7_0410800/PF3D7_1322200/PF3D7_0616200/PF3D7_0307700/PF3D7_0307500/PF3D7_0316500/PF3D7_1245100/PF3D7_1446700/PF3D7_0911200/PF3D7_0420600"
"GO:0000779","CC","GO:0000779","condensed chromosome, centromeric region",19,-0.657070218387079,-1.47794429879093,0.00899427636958299,0.00899427636958299,0.219842644928565,1404,"tags=74%, list=26%, signal=55%","PF3D7_1345900/PF3D7_0729100/PF3D7_1227600/PF3D7_0723800/PF3D7_0410800/PF3D7_1322200/PF3D7_0616200/PF3D7_0307700/PF3D7_0307500/PF3D7_0316500/PF3D7_1245100/PF3D7_1446700/PF3D7_0911200/PF3D7_0420600"
"GO:0000793","CC","GO:0000793","condensed chromosome",19,-0.657070218387079,-1.47794429879093,0.00899427636958299,0.00899427636958299,0.219842644928565,1404,"tags=74%, list=26%, signal=55%","PF3D7_1345900/PF3D7_0729100/PF3D7_1227600/PF3D7_0723800/PF3D7_0410800/PF3D7_1322200/PF3D7_0616200/PF3D7_0307700/PF3D7_0307500/PF3D7_0316500/PF3D7_1245100/PF3D7_1446700/PF3D7_0911200/PF3D7_0420600"
"GO:0004520","MF","GO:0004520","endodeoxyribonuclease activity",4,-0.886988748183609,-1.49186619968291,0.00901132852729145,0.00901132852729145,0.219842644928565,412,"tags=75%, list=8%, signal=69%","PF3D7_1449400/PF3D7_0408500/PF3D7_1368800"
"GO:0000502","CC","GO:0000502","proteasome complex",19,0.404278863887864,1.62689023493161,0.00917431192660551,0.00917431192660551,0.219842644928565,3249,"tags=100%, list=60%, signal=40%","PF3D7_1414000/PF3D7_0907700/PF3D7_1402300/PF3D7_0317800/PF3D7_0807500/PF3D7_0312300/PF3D7_1328100/PF3D7_1017900/PF3D7_0108000/PF3D7_0413600/PF3D7_0912900/PF3D7_0317000/PF3D7_1311500/PF3D7_1008400/PF3D7_1130400/PF3D7_0205900/PF3D7_1248900/PF3D7_1368100/PF3D7_1306400"
"GO:1905369","CC","GO:1905369","endopeptidase complex",19,0.404278863887864,1.62689023493161,0.00917431192660551,0.00917431192660551,0.219842644928565,3249,"tags=100%, list=60%, signal=40%","PF3D7_1414000/PF3D7_0907700/PF3D7_1402300/PF3D7_0317800/PF3D7_0807500/PF3D7_0312300/PF3D7_1328100/PF3D7_1017900/PF3D7_0108000/PF3D7_0413600/PF3D7_0912900/PF3D7_0317000/PF3D7_1311500/PF3D7_1008400/PF3D7_1130400/PF3D7_0205900/PF3D7_1248900/PF3D7_1368100/PF3D7_1306400"
"GO:0030687","CC","GO:0030687","preribosome, large subunit precursor",10,0.596206960044191,1.85119706976155,0.0115532734274711,0.0115532734274711,0.265070399893413,2203,"tags=100%, list=40%, signal=60%","PF3D7_0203700/PF3D7_1423000/PF3D7_0921800/PF3D7_1307300/PF3D7_1251500/PF3D7_0612900/PF3D7_1466700/PF3D7_1367600/PF3D7_0729400/PF3D7_0630500"
"GO:0003779","MF","GO:0003779","actin binding",13,-0.696842382200719,-1.4890943390865,0.011692826293058,0.011692826293058,0.265070399893413,1366,"tags=77%, list=25%, signal=58%","PF3D7_0503400/PF3D7_1444800/PF3D7_0932200/PF3D7_0105300/PF3D7_0530900/PF3D7_1342600/PF3D7_1361400/PF3D7_1219000/PF3D7_0202000/PF3D7_1361800"
"GO:1990247","MF","GO:1990247","N6-methyladenosine-containing RNA binding",3,0.902905479955866,1.65845922811958,0.01171875,0.01171875,0.265070399893413,531,"tags=100%, list=10%, signal=90%","PF3D7_0309800/PF3D7_0605100/PF3D7_1419900"
"GO:0044068","BP","GO:0044068","modulation by symbiont of host cellular process",189,-0.464514333158659,-1.19013646994081,0.0120987901209879,0.0120987901209879,0.265070399893413,2350,"tags=65%, list=43%, signal=38%","PF3D7_0412400/PF3D7_0421100/PF3D7_1101300/PF3D7_0100900/PF3D7_0500400/PF3D7_0937800/PF3D7_0425900/PF3D7_1240600/PF3D7_0324400/PF3D7_0712800/PF3D7_1000500/PF3D7_1300300/PF3D7_0800200/PF3D7_0632000/PF3D7_1400600/PF3D7_0101000/PF3D7_1150000/PF3D7_1100500/PF3D7_0420900/PF3D7_1150400/PF3D7_0700500/PF3D7_0412700/PF3D7_0937700/PF3D7_1400200/PF3D7_1150300/PF3D7_0732200/PF3D7_0200500/PF3D7_0632700/PF3D7_1200500/PF3D7_1479700/PF3D7_0712300/PF3D7_0800500/PF3D7_0425800/PF3D7_0900600/PF3D7_0401200/PF3D7_1254400/PF3D7_0400500/PF3D7_0400400/PF3D7_0413300/PF3D7_1101100/PF3D7_0632400/PF3D7_1254800/PF3D7_1040700/PF3D7_0937500/PF3D7_0600500/PF3D7_0901500/PF3D7_1400400/PF3D7_0400900/PF3D7_0115600/PF3D7_1000400/PF3D7_0201200/PF3D7_0600700/PF3D7_0400700/PF3D7_0200600/PF3D7_0900200/PF3D7_0115400/PF3D7_0300800/PF3D7_0617700/PF3D7_0832500/PF3D7_0901100/PF3D7_1479900/PF3D7_0201300/PF3D7_0901400/PF3D7_0115200/PF3D7_1200200/PF3D7_1150200/PF3D7_1100400/PF3D7_0833000/PF3D7_1400700/PF3D7_0808900/PF3D7_0732900/PF3D7_0631900/PF3D7_0832400/PF3D7_0300200/PF3D7_0617600/PF3D7_0712600/PF3D7_0632200/PF3D7_0901300/PF3D7_1041000/PF3D7_1040000/PF3D7_1300200/PF3D7_0413100/PF3D7_1373100/PF3D7_0324600/PF3D7_0732000/PF3D7_0901600/PF3D7_1480000/PF3D7_0425700/PF3D7_1040200/PF3D7_0600300/PF3D7_0808800/PF3D7_0100200/PF3D7_0223100/PF3D7_1300900/PF3D7_0200700/PF3D7_0222600/PF3D7_0100800/PF3D7_0413200/PF3D7_1255100/PF3D7_0700400/PF3D7_0425500/PF3D7_1149900/PF3D7_0200400/PF3D7_0400800/PF3D7_0700200/PF3D7_1254300/PF3D7_1254200/PF3D7_0900900/PF3D7_0401300/PF3D7_0800400/PF3D7_0402600/PF3D7_0101800/PF3D7_1346800/PF3D7_0713000/PF3D7_1254600/PF3D7_0300400/PF3D7_0222800/PF3D7_1254100/PF3D7_0221400/PF3D7_0832900/PF3D7_1479500/PF3D7_0832000/PF3D7_1372800"
"GO:0007017","BP","GO:0007017","microtubule-based process",9,-0.744274562090067,-1.49569247382923,0.0124449339207048,0.0124449339207048,0.265070399893413,422,"tags=56%, list=8%, signal=51%","PF3D7_1245100/PF3D7_0607600/PF3D7_1211000/PF3D7_0724900/PF3D7_0903700"
"GO:0020013","BP","GO:0020013","modulation by symbiont of host erythrocyte aggregation",187,-0.464327244261603,-1.18941211079054,0.012998700129987,0.012998700129987,0.265070399893413,2350,"tags=65%, list=43%, signal=38%","PF3D7_0412400/PF3D7_0421100/PF3D7_1101300/PF3D7_0100900/PF3D7_0500400/PF3D7_0937800/PF3D7_0425900/PF3D7_1240600/PF3D7_0324400/PF3D7_0712800/PF3D7_1000500/PF3D7_1300300/PF3D7_0800200/PF3D7_0632000/PF3D7_1400600/PF3D7_0101000/PF3D7_1150000/PF3D7_1100500/PF3D7_0420900/PF3D7_1150400/PF3D7_0700500/PF3D7_0412700/PF3D7_0937700/PF3D7_1400200/PF3D7_1150300/PF3D7_0732200/PF3D7_0200500/PF3D7_0632700/PF3D7_1200500/PF3D7_1479700/PF3D7_0712300/PF3D7_0800500/PF3D7_0425800/PF3D7_0900600/PF3D7_0401200/PF3D7_1254400/PF3D7_0400500/PF3D7_0400400/PF3D7_0413300/PF3D7_1101100/PF3D7_0632400/PF3D7_1254800/PF3D7_1040700/PF3D7_0937500/PF3D7_0600500/PF3D7_0901500/PF3D7_1400400/PF3D7_0400900/PF3D7_0115600/PF3D7_1000400/PF3D7_0201200/PF3D7_0600700/PF3D7_0400700/PF3D7_0200600/PF3D7_0900200/PF3D7_0115400/PF3D7_0300800/PF3D7_0617700/PF3D7_0832500/PF3D7_0901100/PF3D7_1479900/PF3D7_0201300/PF3D7_0901400/PF3D7_0115200/PF3D7_1200200/PF3D7_1150200/PF3D7_1100400/PF3D7_0833000/PF3D7_1400700/PF3D7_0808900/PF3D7_0732900/PF3D7_0631900/PF3D7_0832400/PF3D7_0300200/PF3D7_0617600/PF3D7_0712600/PF3D7_0632200/PF3D7_0901300/PF3D7_1041000/PF3D7_1040000/PF3D7_1300200/PF3D7_0413100/PF3D7_1373100/PF3D7_0324600/PF3D7_0732000/PF3D7_0901600/PF3D7_1480000/PF3D7_0425700/PF3D7_1040200/PF3D7_0600300/PF3D7_0808800/PF3D7_0100200/PF3D7_0223100/PF3D7_1300900/PF3D7_0200700/PF3D7_0222600/PF3D7_0100800/PF3D7_0413200/PF3D7_1255100/PF3D7_0700400/PF3D7_0425500/PF3D7_1149900/PF3D7_0200400/PF3D7_0400800/PF3D7_0700200/PF3D7_1254300/PF3D7_1254200/PF3D7_0900900/PF3D7_0401300/PF3D7_0800400/PF3D7_0402600/PF3D7_0101800/PF3D7_0713000/PF3D7_1254600/PF3D7_0300400/PF3D7_0222800/PF3D7_1254100/PF3D7_0221400/PF3D7_0832900/PF3D7_1479500/PF3D7_0832000/PF3D7_1372800"
"GO:0034109","BP","GO:0034109","homotypic cell-cell adhesion",187,-0.464327244261603,-1.18941211079054,0.012998700129987,0.012998700129987,0.265070399893413,2350,"tags=65%, list=43%, signal=38%","PF3D7_0412400/PF3D7_0421100/PF3D7_1101300/PF3D7_0100900/PF3D7_0500400/PF3D7_0937800/PF3D7_0425900/PF3D7_1240600/PF3D7_0324400/PF3D7_0712800/PF3D7_1000500/PF3D7_1300300/PF3D7_0800200/PF3D7_0632000/PF3D7_1400600/PF3D7_0101000/PF3D7_1150000/PF3D7_1100500/PF3D7_0420900/PF3D7_1150400/PF3D7_0700500/PF3D7_0412700/PF3D7_0937700/PF3D7_1400200/PF3D7_1150300/PF3D7_0732200/PF3D7_0200500/PF3D7_0632700/PF3D7_1200500/PF3D7_1479700/PF3D7_0712300/PF3D7_0800500/PF3D7_0425800/PF3D7_0900600/PF3D7_0401200/PF3D7_1254400/PF3D7_0400500/PF3D7_0400400/PF3D7_0413300/PF3D7_1101100/PF3D7_0632400/PF3D7_1254800/PF3D7_1040700/PF3D7_0937500/PF3D7_0600500/PF3D7_0901500/PF3D7_1400400/PF3D7_0400900/PF3D7_0115600/PF3D7_1000400/PF3D7_0201200/PF3D7_0600700/PF3D7_0400700/PF3D7_0200600/PF3D7_0900200/PF3D7_0115400/PF3D7_0300800/PF3D7_0617700/PF3D7_0832500/PF3D7_0901100/PF3D7_1479900/PF3D7_0201300/PF3D7_0901400/PF3D7_0115200/PF3D7_1200200/PF3D7_1150200/PF3D7_1100400/PF3D7_0833000/PF3D7_1400700/PF3D7_0808900/PF3D7_0732900/PF3D7_0631900/PF3D7_0832400/PF3D7_0300200/PF3D7_0617600/PF3D7_0712600/PF3D7_0632200/PF3D7_0901300/PF3D7_1041000/PF3D7_1040000/PF3D7_1300200/PF3D7_0413100/PF3D7_1373100/PF3D7_0324600/PF3D7_0732000/PF3D7_0901600/PF3D7_1480000/PF3D7_0425700/PF3D7_1040200/PF3D7_0600300/PF3D7_0808800/PF3D7_0100200/PF3D7_0223100/PF3D7_1300900/PF3D7_0200700/PF3D7_0222600/PF3D7_0100800/PF3D7_0413200/PF3D7_1255100/PF3D7_0700400/PF3D7_0425500/PF3D7_1149900/PF3D7_0200400/PF3D7_0400800/PF3D7_0700200/PF3D7_1254300/PF3D7_1254200/PF3D7_0900900/PF3D7_0401300/PF3D7_0800400/PF3D7_0402600/PF3D7_0101800/PF3D7_0713000/PF3D7_1254600/PF3D7_0300400/PF3D7_0222800/PF3D7_1254100/PF3D7_0221400/PF3D7_0832900/PF3D7_1479500/PF3D7_0832000/PF3D7_1372800"
"GO:0034117","BP","GO:0034117","erythrocyte aggregation",187,-0.464327244261603,-1.18941211079054,0.012998700129987,0.012998700129987,0.265070399893413,2350,"tags=65%, list=43%, signal=38%","PF3D7_0412400/PF3D7_0421100/PF3D7_1101300/PF3D7_0100900/PF3D7_0500400/PF3D7_0937800/PF3D7_0425900/PF3D7_1240600/PF3D7_0324400/PF3D7_0712800/PF3D7_1000500/PF3D7_1300300/PF3D7_0800200/PF3D7_0632000/PF3D7_1400600/PF3D7_0101000/PF3D7_1150000/PF3D7_1100500/PF3D7_0420900/PF3D7_1150400/PF3D7_0700500/PF3D7_0412700/PF3D7_0937700/PF3D7_1400200/PF3D7_1150300/PF3D7_0732200/PF3D7_0200500/PF3D7_0632700/PF3D7_1200500/PF3D7_1479700/PF3D7_0712300/PF3D7_0800500/PF3D7_0425800/PF3D7_0900600/PF3D7_0401200/PF3D7_1254400/PF3D7_0400500/PF3D7_0400400/PF3D7_0413300/PF3D7_1101100/PF3D7_0632400/PF3D7_1254800/PF3D7_1040700/PF3D7_0937500/PF3D7_0600500/PF3D7_0901500/PF3D7_1400400/PF3D7_0400900/PF3D7_0115600/PF3D7_1000400/PF3D7_0201200/PF3D7_0600700/PF3D7_0400700/PF3D7_0200600/PF3D7_0900200/PF3D7_0115400/PF3D7_0300800/PF3D7_0617700/PF3D7_0832500/PF3D7_0901100/PF3D7_1479900/PF3D7_0201300/PF3D7_0901400/PF3D7_0115200/PF3D7_1200200/PF3D7_1150200/PF3D7_1100400/PF3D7_0833000/PF3D7_1400700/PF3D7_0808900/PF3D7_0732900/PF3D7_0631900/PF3D7_0832400/PF3D7_0300200/PF3D7_0617600/PF3D7_0712600/PF3D7_0632200/PF3D7_0901300/PF3D7_1041000/PF3D7_1040000/PF3D7_1300200/PF3D7_0413100/PF3D7_1373100/PF3D7_0324600/PF3D7_0732000/PF3D7_0901600/PF3D7_1480000/PF3D7_0425700/PF3D7_1040200/PF3D7_0600300/PF3D7_0808800/PF3D7_0100200/PF3D7_0223100/PF3D7_1300900/PF3D7_0200700/PF3D7_0222600/PF3D7_0100800/PF3D7_0413200/PF3D7_1255100/PF3D7_0700400/PF3D7_0425500/PF3D7_1149900/PF3D7_0200400/PF3D7_0400800/PF3D7_0700200/PF3D7_1254300/PF3D7_1254200/PF3D7_0900900/PF3D7_0401300/PF3D7_0800400/PF3D7_0402600/PF3D7_0101800/PF3D7_0713000/PF3D7_1254600/PF3D7_0300400/PF3D7_0222800/PF3D7_1254100/PF3D7_0221400/PF3D7_0832900/PF3D7_1479500/PF3D7_0832000/PF3D7_1372800"
"GO:0035639","MF","GO:0035639","purine ribonucleoside triphosphate binding",50,-0.545888365691124,-1.32716906776871,0.0136054421768707,0.0136054421768707,0.265070399893413,1106,"tags=32%, list=20%, signal=26%","PF3D7_1206100/PF3D7_1354500/PF3D7_0215800/PF3D7_1117500/PF3D7_0410700/PF3D7_1342600/PF3D7_0415600/PF3D7_0824300/PF3D7_0616000/PF3D7_0414700/PF3D7_1239700/PF3D7_1211000/PF3D7_1246900/PF3D7_1312400/PF3D7_1239500/PF3D7_0724900"
"GO:0030684","CC","GO:0030684","preribosome",28,0.590060964345095,2.7722560970827,0.0142857142857143,0.0142857142857143,0.265070399893413,2247,"tags=100%, list=41%, signal=59%","PF3D7_0821500/PF3D7_1005100/PF3D7_0208200/PF3D7_1461200/PF3D7_1302700/PF3D7_1013100/PF3D7_1448000/PF3D7_0722600/PF3D7_1217200/PF3D7_1109400/PF3D7_0409200/PF3D7_1118500/PF3D7_1471000/PF3D7_1333600/PF3D7_0203700/PF3D7_1423000/PF3D7_0921800/PF3D7_1307300/PF3D7_1251500/PF3D7_0818800/PF3D7_0612900/PF3D7_0818400/PF3D7_1466700/PF3D7_0802300/PF3D7_1367600/PF3D7_0729400/PF3D7_0630500/PF3D7_0520000"
"GO:0022625","CC","GO:0022625","cytosolic large ribosomal subunit",28,0.498429706262701,2.34174920160586,0.0142857142857143,0.0142857142857143,0.265070399893413,2743,"tags=100%, list=50%, signal=50%","PF3D7_1431300/PF3D7_1338200/PF3D7_1460700/PF3D7_1130100/PF3D7_0611700/PF3D7_1351400/PF3D7_1109900/PF3D7_0903900/PF3D7_0307200/PF3D7_0814000/PF3D7_1441200/PF3D7_1331800/PF3D7_1365900/PF3D7_0507100/PF3D7_1027800/PF3D7_0821700/PF3D7_0710600/PF3D7_0503800/PF3D7_1426000/PF3D7_1142500/PF3D7_0719600/PF3D7_1424100/PF3D7_0706400/PF3D7_0614500/PF3D7_1144300/PF3D7_1323400/PF3D7_0516900/PF3D7_1309100"
"GO:0004536","MF","GO:0004536","deoxyribonuclease activity",6,-0.807924306881737,-1.48906308560787,0.0142907759537026,0.0142907759537026,0.265070399893413,412,"tags=50%, list=8%, signal=46%","PF3D7_1449400/PF3D7_0408500/PF3D7_1368800"
"GO:0035821","BP","GO:0035821","modulation of process of another organism",202,-0.459831292021849,-1.18027103923613,0.0145985401459854,0.0145985401459854,0.265070399893413,2350,"tags=64%, list=43%, signal=38%","PF3D7_0412400/PF3D7_0421100/PF3D7_1101300/PF3D7_0100900/PF3D7_0500400/PF3D7_0937800/PF3D7_0425900/PF3D7_1240600/PF3D7_0324400/PF3D7_0712800/PF3D7_0500900/PF3D7_1000500/PF3D7_1300300/PF3D7_0800200/PF3D7_0632000/PF3D7_1400600/PF3D7_1471100/PF3D7_0101000/PF3D7_1150000/PF3D7_1100500/PF3D7_0420900/PF3D7_1150400/PF3D7_0700500/PF3D7_0412700/PF3D7_0937700/PF3D7_1400200/PF3D7_1150300/PF3D7_0732200/PF3D7_0200500/PF3D7_0632700/PF3D7_1200500/PF3D7_1479700/PF3D7_0712300/PF3D7_0800500/PF3D7_0425800/PF3D7_0900600/PF3D7_0401200/PF3D7_1254400/PF3D7_0400500/PF3D7_0400400/PF3D7_0413300/PF3D7_1101100/PF3D7_0632400/PF3D7_1254800/PF3D7_1040700/PF3D7_0937500/PF3D7_0600500/PF3D7_0901500/PF3D7_1400400/PF3D7_0400900/PF3D7_0115600/PF3D7_1000400/PF3D7_0201200/PF3D7_0600700/PF3D7_0400700/PF3D7_0200600/PF3D7_0900200/PF3D7_0115400/PF3D7_0300800/PF3D7_0617700/PF3D7_0832500/PF3D7_0901100/PF3D7_1479900/PF3D7_0201300/PF3D7_0901400/PF3D7_0115200/PF3D7_1200200/PF3D7_1150200/PF3D7_1100400/PF3D7_0833000/PF3D7_1400700/PF3D7_0808900/PF3D7_0102600/PF3D7_0732900/PF3D7_0631900/PF3D7_0832400/PF3D7_0300200/PF3D7_0617600/PF3D7_0712600/PF3D7_0632200/PF3D7_0901300/PF3D7_1041000/PF3D7_1040000/PF3D7_1300200/PF3D7_0413100/PF3D7_1373100/PF3D7_0324600/PF3D7_0732000/PF3D7_0901600/PF3D7_1480000/PF3D7_0425700/PF3D7_1040200/PF3D7_0600300/PF3D7_0808800/PF3D7_1039000/PF3D7_0100200/PF3D7_0223100/PF3D7_1300900/PF3D7_0200700/PF3D7_0222600/PF3D7_0100800/PF3D7_0413200/PF3D7_1255100/PF3D7_0700400/PF3D7_0425500/PF3D7_1149900/PF3D7_0200400/PF3D7_0400800/PF3D7_0700200/PF3D7_0424700/PF3D7_1254300/PF3D7_1254200/PF3D7_0900900/PF3D7_0401300/PF3D7_0800400/PF3D7_0402600/PF3D7_0101800/PF3D7_1346800/PF3D7_0713000/PF3D7_1254600/PF3D7_0726200/PF3D7_0300400/PF3D7_0222800/PF3D7_1254100/PF3D7_0221400/PF3D7_0832900/PF3D7_1479500/PF3D7_0832000/PF3D7_1372800/PF3D7_1371700"
"GO:0044003","BP","GO:0044003","modulation by symbiont of host process",202,-0.459831292021849,-1.18027103923613,0.0145985401459854,0.0145985401459854,0.265070399893413,2350,"tags=64%, list=43%, signal=38%","PF3D7_0412400/PF3D7_0421100/PF3D7_1101300/PF3D7_0100900/PF3D7_0500400/PF3D7_0937800/PF3D7_0425900/PF3D7_1240600/PF3D7_0324400/PF3D7_0712800/PF3D7_0500900/PF3D7_1000500/PF3D7_1300300/PF3D7_0800200/PF3D7_0632000/PF3D7_1400600/PF3D7_1471100/PF3D7_0101000/PF3D7_1150000/PF3D7_1100500/PF3D7_0420900/PF3D7_1150400/PF3D7_0700500/PF3D7_0412700/PF3D7_0937700/PF3D7_1400200/PF3D7_1150300/PF3D7_0732200/PF3D7_0200500/PF3D7_0632700/PF3D7_1200500/PF3D7_1479700/PF3D7_0712300/PF3D7_0800500/PF3D7_0425800/PF3D7_0900600/PF3D7_0401200/PF3D7_1254400/PF3D7_0400500/PF3D7_0400400/PF3D7_0413300/PF3D7_1101100/PF3D7_0632400/PF3D7_1254800/PF3D7_1040700/PF3D7_0937500/PF3D7_0600500/PF3D7_0901500/PF3D7_1400400/PF3D7_0400900/PF3D7_0115600/PF3D7_1000400/PF3D7_0201200/PF3D7_0600700/PF3D7_0400700/PF3D7_0200600/PF3D7_0900200/PF3D7_0115400/PF3D7_0300800/PF3D7_0617700/PF3D7_0832500/PF3D7_0901100/PF3D7_1479900/PF3D7_0201300/PF3D7_0901400/PF3D7_0115200/PF3D7_1200200/PF3D7_1150200/PF3D7_1100400/PF3D7_0833000/PF3D7_1400700/PF3D7_0808900/PF3D7_0102600/PF3D7_0732900/PF3D7_0631900/PF3D7_0832400/PF3D7_0300200/PF3D7_0617600/PF3D7_0712600/PF3D7_0632200/PF3D7_0901300/PF3D7_1041000/PF3D7_1040000/PF3D7_1300200/PF3D7_0413100/PF3D7_1373100/PF3D7_0324600/PF3D7_0732000/PF3D7_0901600/PF3D7_1480000/PF3D7_0425700/PF3D7_1040200/PF3D7_0600300/PF3D7_0808800/PF3D7_1039000/PF3D7_0100200/PF3D7_0223100/PF3D7_1300900/PF3D7_0200700/PF3D7_0222600/PF3D7_0100800/PF3D7_0413200/PF3D7_1255100/PF3D7_0700400/PF3D7_0425500/PF3D7_1149900/PF3D7_0200400/PF3D7_0400800/PF3D7_0700200/PF3D7_0424700/PF3D7_1254300/PF3D7_1254200/PF3D7_0900900/PF3D7_0401300/PF3D7_0800400/PF3D7_0402600/PF3D7_0101800/PF3D7_1346800/PF3D7_0713000/PF3D7_1254600/PF3D7_0726200/PF3D7_0300400/PF3D7_0222800/PF3D7_1254100/PF3D7_0221400/PF3D7_0832900/PF3D7_1479500/PF3D7_0832000/PF3D7_1372800/PF3D7_1371700"
"GO:0097526","CC","GO:0097526","spliceosomal tri-snRNP complex",11,0.541988950276243,1.74792082779357,0.0146627565982405,0.0146627565982405,0.265070399893413,2498,"tags=100%, list=46%, signal=54%","PF3D7_1350200/PF3D7_0409100/PF3D7_1309300/PF3D7_1343900/PF3D7_0819900/PF3D7_1360100/PF3D7_0323700/PF3D7_0822300/PF3D7_1003800/PF3D7_1107000/PF3D7_1126900"
"GO:0008173","MF","GO:0008173","RNA methyltransferase activity",11,0.53135664275578,1.7136315092511,0.0146627565982405,0.0146627565982405,0.265070399893413,943,"tags=45%, list=17%, signal=38%","PF3D7_1111000/PF3D7_0821500/PF3D7_1202500/PF3D7_1020400/PF3D7_1319300"
"GO:0044538","CC","GO:0044538","host cell periphery",25,-0.609082232011737,-1.40930008240058,0.0147489645418729,0.0147489645418729,0.265070399893413,1227,"tags=48%, list=23%, signal=37%","PF3D7_1476300/PF3D7_1401200/PF3D7_1148700/PF3D7_0113000/PF3D7_0424700/PF3D7_0401800/PF3D7_0726200/PF3D7_1476200/PF3D7_1201000/PF3D7_1401300/PF3D7_0532400/PF3D7_0402000"
"GO:1990837","MF","GO:1990837","sequence-specific double-stranded DNA binding",7,-0.775151285535524,-1.4781809802867,0.0151445617255622,0.0151445617255622,0.268235486855495,303,"tags=29%, list=6%, signal=27%","PF3D7_1209300/PF3D7_0705300"
"GO:0005643","CC","GO:0005643","nuclear pore",9,0.616419358733618,1.81965138928783,0.0162689804772234,0.0162689804772234,0.284034380963254,956,"tags=56%, list=18%, signal=46%","PF3D7_1473700/PF3D7_1364200/PF3D7_0706000/PF3D7_0903500/PF3D7_1230700"
"GO:0003677","MF","GO:0003677","DNA binding",57,-0.529158620022681,-1.29548994705031,0.0176052815844753,0.0176052815844753,0.303035313855832,1022,"tags=30%, list=19%, signal=24%","PF3D7_0516800/PF3D7_0404100/PF3D7_0505500/PF3D7_1347100/PF3D7_0625300/PF3D7_1222400/PF3D7_1317200/PF3D7_1209300/PF3D7_1456000/PF3D7_0613800/PF3D7_1007700/PF3D7_0508800/PF3D7_1107800/PF3D7_0802100/PF3D7_0705300/PF3D7_1239200/PF3D7_1368800"
"GO:0006612","BP","GO:0006612","protein targeting to membrane",4,0.835755011955122,1.73066009769665,0.0183527305282005,0.0183527305282005,0.310992465716299,897,"tags=100%, list=16%, signal=84%","PF3D7_1216300/PF3D7_0729000/PF3D7_1318800/PF3D7_1450100"
"GO:0030126","CC","GO:0030126","COPI vesicle coat",5,0.785321146481299,1.78869631297932,0.0195865070729053,0.0195865070729053,0.310992465716299,840,"tags=80%, list=15%, signal=68%","PF3D7_0905900/PF3D7_1134800/PF3D7_0415400/PF3D7_1145100"
"GO:0030137","CC","GO:0030137","COPI-coated vesicle",5,0.785321146481299,1.78869631297932,0.0195865070729053,0.0195865070729053,0.310992465716299,840,"tags=80%, list=15%, signal=68%","PF3D7_0905900/PF3D7_1134800/PF3D7_0415400/PF3D7_1145100"
"GO:0030663","CC","GO:0030663","COPI-coated vesicle membrane",5,0.785321146481299,1.78869631297932,0.0195865070729053,0.0195865070729053,0.310992465716299,840,"tags=80%, list=15%, signal=68%","PF3D7_0905900/PF3D7_1134800/PF3D7_0415400/PF3D7_1145100"
"GO:0005732","CC","GO:0005732","sno(s)RNA-containing ribonucleoprotein complex",10,0.559197201252071,1.73628335418957,0.0205391527599487,0.0205391527599487,0.310992465716299,2404,"tags=100%, list=44%, signal=56%","PF3D7_0709600/PF3D7_1325000/PF3D7_0621500/PF3D7_0819900/PF3D7_1209200/PF3D7_1118500/PF3D7_0520300/PF3D7_1226700/PF3D7_1443300/PF3D7_1107000"
"GO:0004519","MF","GO:0004519","endonuclease activity",11,-0.699846721670716,-1.45635840869539,0.0207081545064378,0.0207081545064378,0.310992465716299,412,"tags=27%, list=8%, signal=25%","PF3D7_1449400/PF3D7_0408500/PF3D7_1368800"
"GO:0046777","BP","GO:0046777","protein autophosphorylation",4,-0.848977800972447,-1.427933880949,0.0208547888774459,0.0208547888774459,0.310992465716299,307,"tags=50%, list=6%, signal=47%","PF3D7_1201600/PF3D7_1246900"
"GO:0012507","CC","GO:0012507","ER to Golgi transport vesicle membrane",3,0.879919087899963,1.61623776100859,0.0209517045454545,0.0209517045454545,0.310992465716299,656,"tags=100%, list=12%, signal=88%","PF3D7_1361100/PF3D7_0822600/PF3D7_0214100"
"GO:0030127","CC","GO:0030127","COPII vesicle coat",3,0.879919087899963,1.61623776100859,0.0209517045454545,0.0209517045454545,0.310992465716299,656,"tags=100%, list=12%, signal=88%","PF3D7_1361100/PF3D7_0822600/PF3D7_0214100"
"GO:0007155","BP","GO:0007155","cell adhesion",195,-0.456319500594504,-1.17016667445603,0.0210978902109789,0.0210978902109789,0.310992465716299,2350,"tags=65%, list=43%, signal=38%","PF3D7_0412400/PF3D7_0421100/PF3D7_1101300/PF3D7_0100900/PF3D7_0500400/PF3D7_0937800/PF3D7_0425900/PF3D7_1240600/PF3D7_0324400/PF3D7_0712800/PF3D7_1000500/PF3D7_1300300/PF3D7_0800200/PF3D7_0632000/PF3D7_1400600/PF3D7_0101000/PF3D7_1150000/PF3D7_1100500/PF3D7_0420900/PF3D7_1150400/PF3D7_0700500/PF3D7_0412700/PF3D7_0937700/PF3D7_1400200/PF3D7_1150300/PF3D7_0732200/PF3D7_0200500/PF3D7_0632700/PF3D7_1200500/PF3D7_1479700/PF3D7_0712300/PF3D7_0800500/PF3D7_0425800/PF3D7_0900600/PF3D7_0401200/PF3D7_1254400/PF3D7_0400500/PF3D7_0400400/PF3D7_0413300/PF3D7_1101100/PF3D7_0632400/PF3D7_1254800/PF3D7_1040700/PF3D7_0937500/PF3D7_0600500/PF3D7_0901500/PF3D7_1400400/PF3D7_0400900/PF3D7_0212600/PF3D7_0115600/PF3D7_1000400/PF3D7_0201200/PF3D7_0600700/PF3D7_0400700/PF3D7_0200600/PF3D7_0900200/PF3D7_0115400/PF3D7_0300800/PF3D7_0617700/PF3D7_0832500/PF3D7_0901100/PF3D7_1479900/PF3D7_0201300/PF3D7_0901400/PF3D7_0115200/PF3D7_1200200/PF3D7_1150200/PF3D7_1100400/PF3D7_0833000/PF3D7_1400700/PF3D7_0808900/PF3D7_0732900/PF3D7_0631900/PF3D7_0832400/PF3D7_0300200/PF3D7_0617600/PF3D7_0712600/PF3D7_0632200/PF3D7_0901300/PF3D7_1041000/PF3D7_1040000/PF3D7_1300200/PF3D7_0413100/PF3D7_1373100/PF3D7_0324600/PF3D7_0732000/PF3D7_0901600/PF3D7_1480000/PF3D7_0425700/PF3D7_1040200/PF3D7_0600300/PF3D7_0808800/PF3D7_0707300/PF3D7_0100200/PF3D7_0223100/PF3D7_1300900/PF3D7_0200700/PF3D7_0222600/PF3D7_0100800/PF3D7_0413200/PF3D7_1255100/PF3D7_0700400/PF3D7_0425500/PF3D7_1149900/PF3D7_0200400/PF3D7_0400800/PF3D7_0700200/PF3D7_0102500/PF3D7_1254300/PF3D7_1254200/PF3D7_0900900/PF3D7_0401300/PF3D7_0800400/PF3D7_0402600/PF3D7_0101800/PF3D7_0713000/PF3D7_1254600/PF3D7_0300400/PF3D7_0222800/PF3D7_1149000/PF3D7_1254100/PF3D7_0221400/PF3D7_0832900/PF3D7_1479500/PF3D7_0832000/PF3D7_1372800"
"GO:0098609","BP","GO:0098609","cell-cell adhesion",195,-0.456319500594504,-1.17016667445603,0.0210978902109789,0.0210978902109789,0.310992465716299,2350,"tags=65%, list=43%, signal=38%","PF3D7_0412400/PF3D7_0421100/PF3D7_1101300/PF3D7_0100900/PF3D7_0500400/PF3D7_0937800/PF3D7_0425900/PF3D7_1240600/PF3D7_0324400/PF3D7_0712800/PF3D7_1000500/PF3D7_1300300/PF3D7_0800200/PF3D7_0632000/PF3D7_1400600/PF3D7_0101000/PF3D7_1150000/PF3D7_1100500/PF3D7_0420900/PF3D7_1150400/PF3D7_0700500/PF3D7_0412700/PF3D7_0937700/PF3D7_1400200/PF3D7_1150300/PF3D7_0732200/PF3D7_0200500/PF3D7_0632700/PF3D7_1200500/PF3D7_1479700/PF3D7_0712300/PF3D7_0800500/PF3D7_0425800/PF3D7_0900600/PF3D7_0401200/PF3D7_1254400/PF3D7_0400500/PF3D7_0400400/PF3D7_0413300/PF3D7_1101100/PF3D7_0632400/PF3D7_1254800/PF3D7_1040700/PF3D7_0937500/PF3D7_0600500/PF3D7_0901500/PF3D7_1400400/PF3D7_0400900/PF3D7_0212600/PF3D7_0115600/PF3D7_1000400/PF3D7_0201200/PF3D7_0600700/PF3D7_0400700/PF3D7_0200600/PF3D7_0900200/PF3D7_0115400/PF3D7_0300800/PF3D7_0617700/PF3D7_0832500/PF3D7_0901100/PF3D7_1479900/PF3D7_0201300/PF3D7_0901400/PF3D7_0115200/PF3D7_1200200/PF3D7_1150200/PF3D7_1100400/PF3D7_0833000/PF3D7_1400700/PF3D7_0808900/PF3D7_0732900/PF3D7_0631900/PF3D7_0832400/PF3D7_0300200/PF3D7_0617600/PF3D7_0712600/PF3D7_0632200/PF3D7_0901300/PF3D7_1041000/PF3D7_1040000/PF3D7_1300200/PF3D7_0413100/PF3D7_1373100/PF3D7_0324600/PF3D7_0732000/PF3D7_0901600/PF3D7_1480000/PF3D7_0425700/PF3D7_1040200/PF3D7_0600300/PF3D7_0808800/PF3D7_0707300/PF3D7_0100200/PF3D7_0223100/PF3D7_1300900/PF3D7_0200700/PF3D7_0222600/PF3D7_0100800/PF3D7_0413200/PF3D7_1255100/PF3D7_0700400/PF3D7_0425500/PF3D7_1149900/PF3D7_0200400/PF3D7_0400800/PF3D7_0700200/PF3D7_0102500/PF3D7_1254300/PF3D7_1254200/PF3D7_0900900/PF3D7_0401300/PF3D7_0800400/PF3D7_0402600/PF3D7_0101800/PF3D7_0713000/PF3D7_1254600/PF3D7_0300400/PF3D7_0222800/PF3D7_1149000/PF3D7_1254100/PF3D7_0221400/PF3D7_0832900/PF3D7_1479500/PF3D7_0832000/PF3D7_1372800"
"GO:0015934","CC","GO:0015934","large ribosomal subunit",32,0.409457679135954,2.01685667163982,0.0217391304347826,0.0217391304347826,0.310992465716299,2743,"tags=97%, list=50%, signal=48%","PF3D7_1431300/PF3D7_1338200/PF3D7_1460700/PF3D7_0710900/PF3D7_1130100/PF3D7_0611700/PF3D7_1351400/PF3D7_1109900/PF3D7_0903900/PF3D7_0307200/PF3D7_0814000/PF3D7_1441200/PF3D7_1331800/PF3D7_1365900/PF3D7_0507100/PF3D7_1027800/PF3D7_0821700/PF3D7_1429700/PF3D7_0710600/PF3D7_0503800/PF3D7_1426000/PF3D7_1142500/PF3D7_0719600/PF3D7_1424100/PF3D7_0706400/PF3D7_0614500/PF3D7_1144300/PF3D7_0214200/PF3D7_1323400/PF3D7_0516900/PF3D7_1309100"
"GO:0043186","CC","GO:0043186","P granule",4,-0.847140359273824,-1.42484340525844,0.0218846549948507,0.0218846549948507,0.310992465716299,156,"tags=50%, list=3%, signal=49%","PF3D7_1409800/PF3D7_1474900"
"GO:0045495","CC","GO:0045495","pole plasm",4,-0.847140359273824,-1.42484340525844,0.0218846549948507,0.0218846549948507,0.310992465716299,156,"tags=50%, list=3%, signal=49%","PF3D7_1409800/PF3D7_1474900"
"GO:0060293","CC","GO:0060293","germ plasm",4,-0.847140359273824,-1.42484340525844,0.0218846549948507,0.0218846549948507,0.310992465716299,156,"tags=50%, list=3%, signal=49%","PF3D7_1409800/PF3D7_1474900"
"GO:0009986","CC","GO:0009986","cell surface",150,-0.465565614962284,-1.18559884623894,0.022997700229977,0.022997700229977,0.32305299415612,1827,"tags=47%, list=34%, signal=32%","PF3D7_0827900/PF3D7_0424100/PF3D7_0506900/PF3D7_1477600/PF3D7_1434400/PF3D7_0212600/PF3D7_1017100/PF3D7_0517800/PF3D7_0508000/PF3D7_0304600/PF3D7_0310400/PF3D7_0508200/PF3D7_0316700/PF3D7_0830800/PF3D7_0107700/PF3D7_1140400/PF3D7_0104000/PF3D7_0115000/PF3D7_1444800/PF3D7_1430700/PF3D7_0919400/PF3D7_1431900/PF3D7_0629300/PF3D7_1204400/PF3D7_1218000/PF3D7_1422500/PF3D7_1035500/PF3D7_1035700/PF3D7_1036000/PF3D7_1364100/PF3D7_0408600/PF3D7_1252100/PF3D7_1414400/PF3D7_1342600/PF3D7_0408700/PF3D7_1146300/PF3D7_1326000/PF3D7_1222300/PF3D7_1132800/PF3D7_0800700/PF3D7_1035400/PF3D7_0316600/PF3D7_0316000/PF3D7_0718300/PF3D7_0919500/PF3D7_0828800/PF3D7_1327300/PF3D7_1028900/PF3D7_1346800/PF3D7_0501200/PF3D7_1346700/PF3D7_0816500/PF3D7_1449000/PF3D7_1036300/PF3D7_1246200/PF3D7_0308300/PF3D7_1008700/PF3D7_0423500/PF3D7_1028700/PF3D7_0909500/PF3D7_0515700/PF3D7_0513700/PF3D7_1363700/PF3D7_1406800/PF3D7_1361800/PF3D7_1409400/PF3D7_1207300/PF3D7_1338800/PF3D7_0903700/PF3D7_0904200"
"GO:0046540","CC","GO:0046540","U4/U6 x U5 tri-snRNP complex",10,0.541889154851777,1.68254261158377,0.024390243902439,0.024390243902439,0.329558754170524,2498,"tags=100%, list=46%, signal=54%","PF3D7_1350200/PF3D7_0409100/PF3D7_1309300/PF3D7_1343900/PF3D7_0819900/PF3D7_0323700/PF3D7_0822300/PF3D7_1003800/PF3D7_1107000/PF3D7_1126900"
"GO:0004518","MF","GO:0004518","nuclease activity",31,-0.571601762280328,-1.34707386853408,0.0244221105527638,0.0244221105527638,0.329558754170524,1231,"tags=32%, list=23%, signal=25%","PF3D7_0305600/PF3D7_1363500/PF3D7_0203900/PF3D7_1238600/PF3D7_0107800/PF3D7_0906000/PF3D7_1449400/PF3D7_0107200/PF3D7_0408500/PF3D7_1368800"
"GO:0016050","BP","GO:0016050","vesicle organization",3,0.87305320717883,1.60362649272646,0.0245028409090909,0.0245028409090909,0.329558754170524,484,"tags=67%, list=9%, signal=61%","PF3D7_1324700/PF3D7_0731100"
"GO:0007010","BP","GO:0007010","cytoskeleton organization",16,-0.643661734664319,-1.41646751661569,0.024551268826078,0.024551268826078,0.329558754170524,1394,"tags=75%, list=26%, signal=56%","PF3D7_0111000/PF3D7_0503400/PF3D7_1444800/PF3D7_1412500/PF3D7_1118800/PF3D7_0932200/PF3D7_0530900/PF3D7_1361400/PF3D7_1219000/PF3D7_1245100/PF3D7_0607600/PF3D7_0903700"
"GO:0005524","MF","GO:0005524","ATP binding",32,-0.568961330367492,-1.34375345830005,0.0248091603053435,0.0248091603053435,0.329558754170524,1106,"tags=38%, list=20%, signal=30%","PF3D7_1211700/PF3D7_1227100/PF3D7_1206100/PF3D7_0215800/PF3D7_1117500/PF3D7_1342600/PF3D7_0616000/PF3D7_1239700/PF3D7_1211000/PF3D7_1246900/PF3D7_1239500/PF3D7_0724900"
"GO:0043168","MF","GO:0043168","anion binding",57,-0.52037041793243,-1.27397460735863,0.0251075322596779,0.0251075322596779,0.329935992682355,1106,"tags=32%, list=20%, signal=25%","PF3D7_1206100/PF3D7_1354500/PF3D7_0215800/PF3D7_1117500/PF3D7_0410700/PF3D7_1342600/PF3D7_0102500/PF3D7_0415600/PF3D7_0824300/PF3D7_0616000/PF3D7_0414700/PF3D7_0112200/PF3D7_1239700/PF3D7_1211000/PF3D7_1246900/PF3D7_1312400/PF3D7_1239500/PF3D7_0724900"
"GO:0015031","BP","GO:0015031","protein transport",61,-0.516601679718026,-1.26892515169767,0.0258051610322064,0.0258051610322064,0.33108616795565,548,"tags=23%, list=10%, signal=21%","PF3D7_0103100/PF3D7_0700800/PF3D7_1451800/PF3D7_0222100/PF3D7_1210100/PF3D7_1039700/PF3D7_0713100/PF3D7_0320700/PF3D7_0324100/PF3D7_1101700/PF3D7_0101300/PF3D7_1100800/PF3D7_0701600/PF3D7_0114100"
"GO:0017076","MF","GO:0017076","purine nucleotide binding",51,-0.529792165382138,-1.28959686236694,0.0260078023407022,0.0260078023407022,0.33108616795565,1106,"tags=39%, list=20%, signal=32%","PF3D7_0512900/PF3D7_1211700/PF3D7_1227100/PF3D7_1330600/PF3D7_1206100/PF3D7_1354500/PF3D7_0215800/PF3D7_1117500/PF3D7_0410700/PF3D7_1342600/PF3D7_0415600/PF3D7_0824300/PF3D7_0616000/PF3D7_0414700/PF3D7_1239700/PF3D7_1211000/PF3D7_1246900/PF3D7_1312400/PF3D7_1239500/PF3D7_0724900"
"GO:0032555","MF","GO:0032555","purine ribonucleotide binding",51,-0.529792165382138,-1.28959686236694,0.0260078023407022,0.0260078023407022,0.33108616795565,1106,"tags=39%, list=20%, signal=32%","PF3D7_0512900/PF3D7_1211700/PF3D7_1227100/PF3D7_1330600/PF3D7_1206100/PF3D7_1354500/PF3D7_0215800/PF3D7_1117500/PF3D7_0410700/PF3D7_1342600/PF3D7_0415600/PF3D7_0824300/PF3D7_0616000/PF3D7_0414700/PF3D7_1239700/PF3D7_1211000/PF3D7_1246900/PF3D7_1312400/PF3D7_1239500/PF3D7_0724900"
"GO:0008092","MF","GO:0008092","cytoskeletal protein binding",20,-0.611435474755289,-1.38356444767995,0.0278145695364238,0.0278145695364238,0.35043641054572,1366,"tags=60%, list=25%, signal=45%","PF3D7_0503400/PF3D7_1444800/PF3D7_0932200/PF3D7_0105300/PF3D7_0530900/PF3D7_0616200/PF3D7_1342600/PF3D7_1361400/PF3D7_1219000/PF3D7_0202000/PF3D7_1401300/PF3D7_1361800"
"GO:0051082","MF","GO:0051082","unfolded protein binding",10,0.529184312281348,1.643094619671,0.0282413350449294,0.0282413350449294,0.352182491806262,2567,"tags=100%, list=47%, signal=53%","PF3D7_1357800/PF3D7_0608700/PF3D7_1229500/PF3D7_0110700/PF3D7_1132200/PF3D7_0306800/PF3D7_0308200/PF3D7_1469300/PF3D7_0320300/PF3D7_0409400"
"GO:0042255","BP","GO:0042255","ribosome assembly",8,0.611264494754279,1.70200805085127,0.0288104089219331,0.0288104089219331,0.35565002401238,2120,"tags=100%, list=39%, signal=61%","PF3D7_1431300/PF3D7_1217200/PF3D7_0729300/PF3D7_0921800/PF3D7_1251500/PF3D7_1367600/PF3D7_0729400/PF3D7_1146000"
"GO:0044310","CC","GO:0044310","osmiophilic body",21,-0.605219617999568,-1.37610434975584,0.0295731707317073,0.0295731707317073,0.361415275994865,661,"tags=43%, list=12%, signal=38%","PF3D7_1214800/PF3D7_0828800/PF3D7_1250100/PF3D7_1216500/PF3D7_0515600/PF3D7_1247800/PF3D7_1449000/PF3D7_0311700/PF3D7_0204900"
"GO:0000166","MF","GO:0000166","nucleotide binding",55,-0.520763429078864,-1.27259601226163,0.030812324929972,0.030812324929972,0.369175533990686,1106,"tags=31%, list=20%, signal=25%","PF3D7_1206100/PF3D7_1354500/PF3D7_0215800/PF3D7_1117500/PF3D7_0410700/PF3D7_1342600/PF3D7_0415600/PF3D7_1453500/PF3D7_0824300/PF3D7_0616000/PF3D7_0414700/PF3D7_1239700/PF3D7_1211000/PF3D7_1246900/PF3D7_1312400/PF3D7_1239500/PF3D7_0724900"
"GO:1901265","MF","GO:1901265","nucleoside phosphate binding",55,-0.520763429078864,-1.27259601226163,0.030812324929972,0.030812324929972,0.369175533990686,1106,"tags=31%, list=20%, signal=25%","PF3D7_1206100/PF3D7_1354500/PF3D7_0215800/PF3D7_1117500/PF3D7_0410700/PF3D7_1342600/PF3D7_0415600/PF3D7_1453500/PF3D7_0824300/PF3D7_0616000/PF3D7_0414700/PF3D7_1239700/PF3D7_1211000/PF3D7_1246900/PF3D7_1312400/PF3D7_1239500/PF3D7_0724900"
"GO:0036094","MF","GO:0036094","small molecule binding",56,-0.517870253772256,-1.26672018068985,0.032312925170068,0.032312925170068,0.377139199821606,1106,"tags=30%, list=20%, signal=24%","PF3D7_1206100/PF3D7_1354500/PF3D7_0215800/PF3D7_1117500/PF3D7_0410700/PF3D7_1342600/PF3D7_0415600/PF3D7_1453500/PF3D7_0824300/PF3D7_0616000/PF3D7_0414700/PF3D7_1239700/PF3D7_1211000/PF3D7_1246900/PF3D7_1312400/PF3D7_1239500/PF3D7_0724900"
"GO:0000245","BP","GO:0000245","spliceosomal complex assembly",7,0.637172633006069,1.67935585070914,0.0326594090202177,0.0326594090202177,0.377139199821606,1049,"tags=43%, list=19%, signal=35%","PF3D7_1355800/PF3D7_1018500/PF3D7_1472000"
"GO:0051301","BP","GO:0051301","cell division",21,-0.601001399152262,-1.36651327053209,0.0329268292682927,0.0329268292682927,0.377139199821606,1428,"tags=57%, list=26%, signal=42%","PF3D7_0213400/PF3D7_1113900/PF3D7_0605300/PF3D7_0623400/PF3D7_1436600/PF3D7_1219000/PF3D7_1246200/PF3D7_1021800/PF3D7_1455800/PF3D7_1406600/PF3D7_1310700/PF3D7_0407800"
"GO:0000178","CC","GO:0000178","exosome (RNase complex)",9,0.539948453608248,1.59391157956259,0.0336225596529284,0.0336225596529284,0.377139199821606,2508,"tags=100%, list=46%, signal=54%","PF3D7_0720000/PF3D7_1364500/PF3D7_1449700/PF3D7_0209200/PF3D7_1340100/PF3D7_0410400/PF3D7_1359300/PF3D7_1307000/PF3D7_1427800"
"GO:1905354","CC","GO:1905354","exoribonuclease complex",9,0.539948453608248,1.59391157956259,0.0336225596529284,0.0336225596529284,0.377139199821606,2508,"tags=100%, list=46%, signal=54%","PF3D7_0720000/PF3D7_1364500/PF3D7_1449700/PF3D7_0209200/PF3D7_1340100/PF3D7_0410400/PF3D7_1359300/PF3D7_1307000/PF3D7_1427800"
"GO:0030119","CC","GO:0030119","AP-type membrane coat adaptor complex",4,-0.828018663735093,-1.39268176700397,0.0337281153450052,0.0337281153450052,0.377139199821606,662,"tags=50%, list=12%, signal=44%","PF3D7_1440700/PF3D7_0613500"
"GO:0031981","CC","GO:0031981","nuclear lumen",97,-0.481537387165714,-1.20706729431659,0.0338966103389661,0.0338966103389661,0.377139199821606,1168,"tags=19%, list=21%, signal=15%","PF3D7_1433400/PF3D7_1402800/PF3D7_0215800/PF3D7_1017000/PF3D7_0414000/PF3D7_0312400/PF3D7_1317400/PF3D7_0906000/PF3D7_0711400/PF3D7_0321400/PF3D7_1209300/PF3D7_1019700/PF3D7_0611200/PF3D7_0308000/PF3D7_0802100/PF3D7_0705300/PF3D7_0630300/PF3D7_1221000"
"GO:0019899","MF","GO:0019899","enzyme binding",8,-0.720515653504731,-1.41438265046905,0.0339457763835985,0.0339457763835985,0.377139199821606,1212,"tags=62%, list=22%, signal=49%","PF3D7_1218000/PF3D7_0416500/PF3D7_0105300/PF3D7_1430100/PF3D7_1246900"
"GO:0009657","BP","GO:0009657","plastid organization",17,-0.620671361585848,-1.376933369963,0.0351526364477336,0.0351526364477336,0.377697161537514,887,"tags=47%, list=16%, signal=40%","PF3D7_0202700/PF3D7_0518100/PF3D7_1305100/PF3D7_1417800/PF3D7_0307400/PF3D7_1406600/PF3D7_1239700/PF3D7_1363700"
"GO:0005768","CC","GO:0005768","endosome",5,-0.791004790778708,-1.40150648964541,0.0353993140617344,0.0353993140617344,0.377697161537514,862,"tags=60%, list=16%, signal=51%","PF3D7_0903200/PF3D7_0211200/PF3D7_1210100"
"GO:0005730","CC","GO:0005730","nucleolus",37,0.599185788304959,2.94836481603647,0.0357142857142857,0.0357142857142857,0.377697161537514,2203,"tags=100%, list=40%, signal=60%","PF3D7_1328800/PF3D7_1362400/PF3D7_1020400/PF3D7_1005100/PF3D7_1461200/PF3D7_0816000/PF3D7_1314200/PF3D7_0528800/PF3D7_0526300/PF3D7_1422400/PF3D7_1013100/PF3D7_1448000/PF3D7_0722600/PF3D7_1109400/PF3D7_1357700/PF3D7_0801500/PF3D7_0409200/PF3D7_0621300/PF3D7_1333600/PF3D7_0203700/PF3D7_1407100/PF3D7_1028400/PF3D7_1123900/PF3D7_1008800/PF3D7_1438900/PF3D7_0818800/PF3D7_1237600/PF3D7_1342700/PF3D7_0612900/PF3D7_0818400/PF3D7_0509400/PF3D7_1143300/PF3D7_0721300/PF3D7_0802300/PF3D7_1226700/PF3D7_1146000/PF3D7_0630500"
"GO:0042254","BP","GO:0042254","ribosome biogenesis",37,0.525618026255006,2.58636590775757,0.0357142857142857,0.0357142857142857,0.377697161537514,2227,"tags=97%, list=41%, signal=58%","PF3D7_0821500/PF3D7_1317900/PF3D7_1407500/PF3D7_1005100/PF3D7_1431300/PF3D7_0208200/PF3D7_1461200/PF3D7_0816000/PF3D7_1302700/PF3D7_0526300/PF3D7_1028300/PF3D7_1217200/PF3D7_1109400/PF3D7_1118500/PF3D7_1471000/PF3D7_0203700/PF3D7_1423000/PF3D7_0729300/PF3D7_0921800/PF3D7_0410400/PF3D7_1251500/PF3D7_1021500/PF3D7_0818800/PF3D7_1237600/PF3D7_0612900/PF3D7_0323700/PF3D7_1466700/PF3D7_0522300/PF3D7_1307000/PF3D7_1367600/PF3D7_1445200/PF3D7_0729400/PF3D7_1332800/PF3D7_1146000/PF3D7_0630500/PF3D7_1207100"
"GO:0005686","CC","GO:0005686","U2 snRNP",6,0.704046256025958,1.72733478627596,0.0358306188925081,0.0358306188925081,0.377697161537514,1545,"tags=83%, list=28%, signal=60%","PF3D7_1355800/PF3D7_1018500/PF3D7_0308900/PF3D7_0522800/PF3D7_1474500"
"GO:0007154","BP","GO:0007154","cell communication",8,-0.717051776367967,-1.40758300954278,0.0358503248935693,0.0358503248935693,0.377697161537514,697,"tags=38%, list=13%, signal=33%","PF3D7_0718300/PF3D7_1213500/PF3D7_1129600"
"GO:0044815","CC","GO:0044815","DNA packaging complex",15,-0.637087306180873,-1.38842311534656,0.0365878938640133,0.0365878938640133,0.38217314238524,1561,"tags=67%, list=29%, signal=48%","PF3D7_1318400/PF3D7_1345900/PF3D7_1403100/PF3D7_1227600/PF3D7_0509100/PF3D7_0616200/PF3D7_0204000/PF3D7_0316500/PF3D7_1304000/PF3D7_1440100"
"GO:0090305","BP","GO:0090305","nucleic acid phosphodiester bond hydrolysis",4,0.798103537766786,1.65269238818238,0.0380483437779767,0.0380483437779767,0.38470156083337,852,"tags=75%, list=16%, signal=63%","PF3D7_1465300/PF3D7_1438500/PF3D7_1241100"
"GO:0090501","BP","GO:0090501","RNA phosphodiester bond hydrolysis",4,0.798103537766786,1.65269238818238,0.0380483437779767,0.0380483437779767,0.38470156083337,852,"tags=75%, list=16%, signal=63%","PF3D7_1465300/PF3D7_1438500/PF3D7_1241100"
"GO:0005832","CC","GO:0005832","chaperonin-containing T-complex",8,0.556966685072704,1.55082094606322,0.0381040892193309,0.0381040892193309,0.38470156083337,2415,"tags=100%, list=44%, signal=56%","PF3D7_0214000/PF3D7_1357800/PF3D7_0608700/PF3D7_1229500/PF3D7_1132200/PF3D7_0306800/PF3D7_0308200/PF3D7_0320300"
"GO:0101031","CC","GO:0101031","chaperone complex",8,0.556966685072704,1.55082094606322,0.0381040892193309,0.0381040892193309,0.38470156083337,2415,"tags=100%, list=44%, signal=56%","PF3D7_0214000/PF3D7_1357800/PF3D7_0608700/PF3D7_1229500/PF3D7_1132200/PF3D7_0306800/PF3D7_0308200/PF3D7_0320300"
"GO:0004521","MF","GO:0004521","endoribonuclease activity",6,0.689506113779383,1.69166142918479,0.0384364820846906,0.0384364820846906,0.38470156083337,929,"tags=50%, list=17%, signal=42%","PF3D7_1248000/PF3D7_1465300/PF3D7_0709600"
"GO:0005740","CC","GO:0005740","mitochondrial envelope",37,-0.54473002989342,-1.29953955523404,0.0389011429717265,0.0389011429717265,0.38470156083337,2074,"tags=73%, list=38%, signal=45%","PF3D7_0603300/PF3D7_0722700/PF3D7_0823700/PF3D7_1339400/PF3D7_0817800/PF3D7_0617000/PF3D7_0524700/PF3D7_1462700/PF3D7_1345300/PF3D7_1356200/PF3D7_1368600/PF3D7_0306000/PF3D7_1208600/PF3D7_1022900/PF3D7_0622600/PF3D7_1435000/PF3D7_0823900/PF3D7_1362000/PF3D7_0603200/PF3D7_0915700/PF3D7_0715500/PF3D7_1326000/PF3D7_1430900/PF3D7_1448900/PF3D7_1441700/PF3D7_1406900/PF3D7_1361700"
"GO:0002181","BP","GO:0002181","cytoplasmic translation",8,0.553837658752071,1.54210846883814,0.0390334572490706,0.0390334572490706,0.38470156083337,2432,"tags=100%, list=45%, signal=55%","PF3D7_1413800/PF3D7_1217800/PF3D7_1222500/PF3D7_1009000/PF3D7_1010600/PF3D7_1338200/PF3D7_1244800/PF3D7_0821700"
"GO:0007059","BP","GO:0007059","chromosome segregation",6,-0.757980968228054,-1.39701389074178,0.0395653714420692,0.0395653714420692,0.386824389425199,1229,"tags=83%, list=23%, signal=65%","PF3D7_1130700/PF3D7_0616200/PF3D7_0711500/PF3D7_0316500/PF3D7_1021800"
"GO:0003777","MF","GO:0003777","microtubule motor activity",3,-0.87115892063722,-1.37820852433319,0.040912886167548,0.040912886167548,0.387137371325309,176,"tags=67%, list=3%, signal=65%","PF3D7_1211000/PF3D7_0724900"
"GO:0005871","CC","GO:0005871","kinesin complex",3,-0.87115892063722,-1.37820852433319,0.040912886167548,0.040912886167548,0.387137371325309,176,"tags=67%, list=3%, signal=65%","PF3D7_1211000/PF3D7_0724900"
"GO:0032553","MF","GO:0032553","ribonucleotide binding",52,-0.516961973727121,-1.25960267478858,0.04111233370011,0.04111233370011,0.387137371325309,1106,"tags=38%, list=20%, signal=31%","PF3D7_0512900/PF3D7_1211700/PF3D7_1227100/PF3D7_1330600/PF3D7_1206100/PF3D7_1354500/PF3D7_0215800/PF3D7_1117500/PF3D7_0410700/PF3D7_1342600/PF3D7_0415600/PF3D7_0824300/PF3D7_0616000/PF3D7_0414700/PF3D7_1239700/PF3D7_1211000/PF3D7_1246900/PF3D7_1312400/PF3D7_1239500/PF3D7_0724900"
"GO:0000027","BP","GO:0000027","ribosomal large subunit assembly",7,0.611152005888848,1.61077491969478,0.0412130637636081,0.0412130637636081,0.387137371325309,2120,"tags=100%, list=39%, signal=61%","PF3D7_1431300/PF3D7_0729300/PF3D7_0921800/PF3D7_1251500/PF3D7_1367600/PF3D7_0729400/PF3D7_1146000"
"GO:0006754","BP","GO:0006754","ATP biosynthetic process",5,-0.780791005335291,-1.38340965034725,0.0415237628613425,0.0415237628613425,0.387137371325309,1012,"tags=80%, list=19%, signal=65%","PF3D7_0715500/PF3D7_1024300/PF3D7_1147700/PF3D7_1310000"
"GO:0015986","BP","GO:0015986","proton motive force-driven ATP synthesis",5,-0.780791005335291,-1.38340965034725,0.0415237628613425,0.0415237628613425,0.387137371325309,1012,"tags=80%, list=19%, signal=65%","PF3D7_0715500/PF3D7_1024300/PF3D7_1147700/PF3D7_1310000"
"GO:0016020","CC","GO:0016020","membrane",441,-0.423080679984201,-1.10196975622887,0.0422957704229577,0.0422957704229577,0.387137371325309,1648,"tags=39%, list=30%, signal=29%","PF3D7_1003400/PF3D7_0508000/PF3D7_0304600/PF3D7_1115700/PF3D7_1462700/PF3D7_0221000/PF3D7_0115400/PF3D7_1479900/PF3D7_0201300/PF3D7_1345300/PF3D7_1255000/PF3D7_1024500/PF3D7_0405900/PF3D7_1356200/PF3D7_0306000/PF3D7_1000300/PF3D7_1400700/PF3D7_1366800/PF3D7_1423400/PF3D7_1025500/PF3D7_1218100/PF3D7_1036700/PF3D7_1110500/PF3D7_1022900/PF3D7_1243000/PF3D7_1254500/PF3D7_1246700/PF3D7_1227000/PF3D7_0608400/PF3D7_0500500/PF3D7_1452900/PF3D7_0622600/PF3D7_1117000/PF3D7_1335100/PF3D7_1435000/PF3D7_0631800/PF3D7_1040900/PF3D7_0900500/PF3D7_1464500/PF3D7_1450500/PF3D7_0324600/PF3D7_0732000/PF3D7_0901600/PF3D7_1014300/PF3D7_0904900/PF3D7_1360500/PF3D7_1204400/PF3D7_1245200/PF3D7_0823900/PF3D7_0202400/PF3D7_0908000/PF3D7_1422500/PF3D7_1234000/PF3D7_1324600/PF3D7_1433400/PF3D7_1112100/PF3D7_1036000/PF3D7_1362000/PF3D7_0707300/PF3D7_1474000/PF3D7_1364100/PF3D7_1331300/PF3D7_0603200/PF3D7_1149800/PF3D7_0915700/PF3D7_1002600/PF3D7_0532900/PF3D7_0715500/PF3D7_1129900/PF3D7_0211500/PF3D7_0104700/PF3D7_1131400/PF3D7_1038500/PF3D7_1433600/PF3D7_1003200/PF3D7_0937400/PF3D7_1328300/PF3D7_1116500/PF3D7_0425500/PF3D7_1342600/PF3D7_1146300/PF3D7_1149900/PF3D7_1326000/PF3D7_0200400/PF3D7_0400800/PF3D7_1470500/PF3D7_0210700/PF3D7_1207200/PF3D7_0100600/PF3D7_1132800/PF3D7_1254300/PF3D7_0530200/PF3D7_1403700/PF3D7_1131900/PF3D7_1430900/PF3D7_1035400/PF3D7_0202900/PF3D7_0207000/PF3D7_1436600/PF3D7_1025800/PF3D7_1040600/PF3D7_0209000/PF3D7_1133400/PF3D7_0114700/PF3D7_0718300/PF3D7_1426500/PF3D7_1477200/PF3D7_1238900/PF3D7_0201900/PF3D7_0809250/PF3D7_0402600/PF3D7_0109950/PF3D7_0919500/PF3D7_0217500/PF3D7_1440700/PF3D7_0828800/PF3D7_1221700/PF3D7_0101800/PF3D7_1448900/PF3D7_0909100/PF3D7_0828600/PF3D7_1216500/PF3D7_1003100/PF3D7_1346800/PF3D7_1212400/PF3D7_1406900/PF3D7_1201100/PF3D7_1137600/PF3D7_1130900/PF3D7_0616800/PF3D7_0201500/PF3D7_1346700/PF3D7_1215100/PF3D7_1229700/PF3D7_1477100/PF3D7_1254600/PF3D7_0220300/PF3D7_1479400/PF3D7_1223000/PF3D7_1215400/PF3D7_1476500/PF3D7_0718100/PF3D7_0222800/PF3D7_1478600/PF3D7_1143200/PF3D7_1222700/PF3D7_1361700/PF3D7_1254100/PF3D7_1250300/PF3D7_1228600/PF3D7_1019900/PF3D7_1415600/PF3D7_0321200/PF3D7_0221400/PF3D7_0300500/PF3D7_1406700/PF3D7_1131100/PF3D7_0210600/PF3D7_1147600/PF3D7_1127500/PF3D7_0613500/PF3D7_0732700/PF3D7_1034500/PF3D7_1361300/PF3D7_1479500/PF3D7_1019600/PF3D7_1031000/PF3D7_0320700/PF3D7_1213500/PF3D7_1000600/PF3D7_1020200"
"GO:0035770","CC","GO:0035770","ribonucleoprotein granule",6,-0.751979309197221,-1.38595239792729,0.043462855793079,0.043462855793079,0.387137371325309,200,"tags=67%, list=4%, signal=64%","PF3D7_0525400/PF3D7_0320800/PF3D7_1409800/PF3D7_1474900"
"GO:0036464","CC","GO:0036464","cytoplasmic ribonucleoprotein granule",6,-0.751979309197221,-1.38595239792729,0.043462855793079,0.043462855793079,0.387137371325309,200,"tags=67%, list=4%, signal=64%","PF3D7_0525400/PF3D7_0320800/PF3D7_1409800/PF3D7_1474900"
"GO:0005875","CC","GO:0005875","microtubule associated complex",7,-0.728814578648373,-1.38981882429494,0.0440569068379991,0.0440569068379991,0.387137371325309,938,"tags=71%, list=17%, signal=59%","PF3D7_0523500/PF3D7_1227500/PF3D7_1034300/PF3D7_1211000/PF3D7_0724900"
"GO:0030554","MF","GO:0030554","adenyl nucleotide binding",33,-0.54988276101637,-1.301830513905,0.0443641473451772,0.0443641473451772,0.387137371325309,1637,"tags=39%, list=30%, signal=28%","PF3D7_0512900/PF3D7_1211700/PF3D7_1227100/PF3D7_1206100/PF3D7_0215800/PF3D7_1117500/PF3D7_1342600/PF3D7_0616000/PF3D7_1239700/PF3D7_1211000/PF3D7_1246900/PF3D7_1239500/PF3D7_0724900"
"GO:0032559","MF","GO:0032559","adenyl ribonucleotide binding",33,-0.54988276101637,-1.301830513905,0.0443641473451772,0.0443641473451772,0.387137371325309,1637,"tags=39%, list=30%, signal=28%","PF3D7_0512900/PF3D7_1211700/PF3D7_1227100/PF3D7_1206100/PF3D7_0215800/PF3D7_1117500/PF3D7_1342600/PF3D7_0616000/PF3D7_1239700/PF3D7_1211000/PF3D7_1246900/PF3D7_1239500/PF3D7_0724900"
"GO:0000785","CC","GO:0000785","chromatin",15,-0.626305511714317,-1.36492603336573,0.0450870646766169,0.0450870646766169,0.387137371325309,1114,"tags=47%, list=20%, signal=37%","PF3D7_1139300/PF3D7_1449500/PF3D7_0516800/PF3D7_1325400/PF3D7_1456000/PF3D7_1107800/PF3D7_1239200"
"GO:0042783","BP","GO:0042783","evasion of host immune response",191,-0.44590229288439,-1.14293331540599,0.0450954904509549,0.0450954904509549,0.387137371325309,2601,"tags=72%, list=48%, signal=39%","PF3D7_0400300/PF3D7_0401400/PF3D7_1373000/PF3D7_0808700/PF3D7_1300700/PF3D7_0808600/PF3D7_0632300/PF3D7_0712000/PF3D7_0100400/PF3D7_0620000/PF3D7_0701800/PF3D7_0200100/PF3D7_1240400/PF3D7_0833400/PF3D7_0937300/PF3D7_0500100/PF3D7_0412900/PF3D7_0412400/PF3D7_0421100/PF3D7_1101300/PF3D7_0100900/PF3D7_0500400/PF3D7_0937800/PF3D7_0425900/PF3D7_0115300/PF3D7_1240600/PF3D7_0324400/PF3D7_1200300/PF3D7_0712800/PF3D7_1000500/PF3D7_1300300/PF3D7_0800200/PF3D7_0632000/PF3D7_1400600/PF3D7_0101000/PF3D7_1150000/PF3D7_1100500/PF3D7_1254000/PF3D7_0222500/PF3D7_1040400/PF3D7_0420900/PF3D7_1150400/PF3D7_0700500/PF3D7_0412700/PF3D7_0937700/PF3D7_1400200/PF3D7_1150300/PF3D7_0732200/PF3D7_0200500/PF3D7_0632700/PF3D7_1200500/PF3D7_1479700/PF3D7_0732800/PF3D7_0712300/PF3D7_0223200/PF3D7_0800500/PF3D7_0425800/PF3D7_0900600/PF3D7_0401200/PF3D7_1254400/PF3D7_0400500/PF3D7_0400400/PF3D7_0413300/PF3D7_1101100/PF3D7_0632400/PF3D7_1254800/PF3D7_1040700/PF3D7_0937500/PF3D7_0600500/PF3D7_0401000/PF3D7_0901500/PF3D7_1400400/PF3D7_0400900/PF3D7_1041100/PF3D7_0115600/PF3D7_1000400/PF3D7_0201200/PF3D7_0600700/PF3D7_0400700/PF3D7_0200600/PF3D7_0900200/PF3D7_0300800/PF3D7_0617700/PF3D7_0832500/PF3D7_0901100/PF3D7_0901400/PF3D7_0115200/PF3D7_1200200/PF3D7_1255000/PF3D7_1150200/PF3D7_1100400/PF3D7_0833000/PF3D7_1000300/PF3D7_0808900/PF3D7_0732900/PF3D7_0300200/PF3D7_0712600/PF3D7_0632200/PF3D7_0901300/PF3D7_1041000/PF3D7_1254500/PF3D7_0500500/PF3D7_1040000/PF3D7_1300200/PF3D7_0631800/PF3D7_1040900/PF3D7_0900500/PF3D7_0413100/PF3D7_1373100/PF3D7_1480000/PF3D7_0222700/PF3D7_0425700/PF3D7_0600300/PF3D7_0808800/PF3D7_0201000/PF3D7_0100200/PF3D7_1149800/PF3D7_0223100/PF3D7_0200700/PF3D7_0222600/PF3D7_0532900/PF3D7_0100800/PF3D7_0413200/PF3D7_1255100/PF3D7_0937400/PF3D7_0700200/PF3D7_0100600/PF3D7_1254200/PF3D7_0401300/PF3D7_1040600/PF3D7_0114700/PF3D7_0800400/PF3D7_0713000/PF3D7_1479400/PF3D7_0300500/PF3D7_0732700/PF3D7_1000600/PF3D7_1221000"
"GO:0045184","BP","GO:0045184","establishment of protein localization",63,-0.499567444079435,-1.22894298734656,0.0456136841052316,0.0456136841052316,0.387137371325309,548,"tags=22%, list=10%, signal=20%","PF3D7_0103100/PF3D7_0700800/PF3D7_1451800/PF3D7_0222100/PF3D7_1210100/PF3D7_1039700/PF3D7_0713100/PF3D7_0320700/PF3D7_0324100/PF3D7_1101700/PF3D7_0101300/PF3D7_1100800/PF3D7_0701600/PF3D7_0114100"
"GO:0031248","CC","GO:0031248","protein acetyltransferase complex",10,-0.67798977760159,-1.38928715855727,0.0460804510462973,0.0460804510462973,0.387137371325309,1168,"tags=50%, list=21%, signal=39%","PF3D7_1433400/PF3D7_1402800/PF3D7_1003300/PF3D7_1019700/PF3D7_0802100"
"GO:1902493","CC","GO:1902493","acetyltransferase complex",10,-0.67798977760159,-1.38928715855727,0.0460804510462973,0.0460804510462973,0.387137371325309,1168,"tags=50%, list=21%, signal=39%","PF3D7_1433400/PF3D7_1402800/PF3D7_1003300/PF3D7_1019700/PF3D7_0802100"
"GO:0031123","BP","GO:0031123","RNA 3'-end processing",3,0.843876425156307,1.55003450057857,0.0461647727272727,0.0461647727272727,0.387137371325309,852,"tags=100%, list=16%, signal=84%","PF3D7_1465300/PF3D7_1438500/PF3D7_1241100"
"GO:0020033","BP","GO:0020033","antigenic variation",190,-0.445560233694552,-1.14180935049098,0.0465953404659534,0.0465953404659534,0.387137371325309,2601,"tags=72%, list=48%, signal=39%","PF3D7_0400300/PF3D7_0401400/PF3D7_1373000/PF3D7_0808700/PF3D7_1300700/PF3D7_0808600/PF3D7_0632300/PF3D7_0712000/PF3D7_0100400/PF3D7_0701800/PF3D7_0200100/PF3D7_1240400/PF3D7_0833400/PF3D7_0937300/PF3D7_0500100/PF3D7_0412900/PF3D7_0412400/PF3D7_0421100/PF3D7_1101300/PF3D7_0100900/PF3D7_0500400/PF3D7_0937800/PF3D7_0425900/PF3D7_0115300/PF3D7_1240600/PF3D7_0324400/PF3D7_1200300/PF3D7_0712800/PF3D7_1000500/PF3D7_1300300/PF3D7_0800200/PF3D7_0632000/PF3D7_1400600/PF3D7_0101000/PF3D7_1150000/PF3D7_1100500/PF3D7_1254000/PF3D7_0222500/PF3D7_1040400/PF3D7_0420900/PF3D7_1150400/PF3D7_0700500/PF3D7_0412700/PF3D7_0937700/PF3D7_1400200/PF3D7_1150300/PF3D7_0732200/PF3D7_0200500/PF3D7_0632700/PF3D7_1200500/PF3D7_1479700/PF3D7_0732800/PF3D7_0712300/PF3D7_0223200/PF3D7_0800500/PF3D7_0425800/PF3D7_0900600/PF3D7_0401200/PF3D7_1254400/PF3D7_0400500/PF3D7_0400400/PF3D7_0413300/PF3D7_1101100/PF3D7_0632400/PF3D7_1254800/PF3D7_1040700/PF3D7_0937500/PF3D7_0600500/PF3D7_0401000/PF3D7_0901500/PF3D7_1400400/PF3D7_0400900/PF3D7_1041100/PF3D7_0115600/PF3D7_1000400/PF3D7_0201200/PF3D7_0600700/PF3D7_0400700/PF3D7_0200600/PF3D7_0900200/PF3D7_0300800/PF3D7_0617700/PF3D7_0832500/PF3D7_0901100/PF3D7_0901400/PF3D7_0115200/PF3D7_1200200/PF3D7_1255000/PF3D7_1150200/PF3D7_1100400/PF3D7_0833000/PF3D7_1000300/PF3D7_0808900/PF3D7_0732900/PF3D7_0300200/PF3D7_0712600/PF3D7_0632200/PF3D7_0901300/PF3D7_1041000/PF3D7_1254500/PF3D7_0500500/PF3D7_1040000/PF3D7_1300200/PF3D7_0631800/PF3D7_1040900/PF3D7_0900500/PF3D7_0413100/PF3D7_1373100/PF3D7_1480000/PF3D7_0222700/PF3D7_0425700/PF3D7_0600300/PF3D7_0808800/PF3D7_0201000/PF3D7_0100200/PF3D7_1149800/PF3D7_0223100/PF3D7_0200700/PF3D7_0222600/PF3D7_0532900/PF3D7_0100800/PF3D7_0413200/PF3D7_1255100/PF3D7_0937400/PF3D7_0700200/PF3D7_0100600/PF3D7_1254200/PF3D7_0401300/PF3D7_1040600/PF3D7_0114700/PF3D7_0800400/PF3D7_0713000/PF3D7_1479400/PF3D7_0300500/PF3D7_0732700/PF3D7_1000600/PF3D7_1221000"
"GO:0033644","CC","GO:0033644","host cell membrane",225,-0.439790638777277,-1.13141597911782,0.0465953404659534,0.0465953404659534,0.387137371325309,2350,"tags=62%, list=43%, signal=37%","PF3D7_0412400/PF3D7_0421100/PF3D7_1101300/PF3D7_0100900/PF3D7_0500400/PF3D7_0937800/PF3D7_0425900/PF3D7_0115300/PF3D7_1240600/PF3D7_0324400/PF3D7_1200300/PF3D7_0712800/PF3D7_1000500/PF3D7_1300300/PF3D7_0800200/PF3D7_0632000/PF3D7_1400600/PF3D7_0101000/PF3D7_1150000/PF3D7_1100500/PF3D7_1254000/PF3D7_0222500/PF3D7_1040400/PF3D7_0420900/PF3D7_1150400/PF3D7_0700500/PF3D7_0412700/PF3D7_0937700/PF3D7_1400200/PF3D7_1150300/PF3D7_0732200/PF3D7_0200500/PF3D7_0632700/PF3D7_1200500/PF3D7_1479700/PF3D7_0929400/PF3D7_0732800/PF3D7_0712300/PF3D7_0223200/PF3D7_0800500/PF3D7_0425800/PF3D7_0900600/PF3D7_0401200/PF3D7_1254400/PF3D7_0400500/PF3D7_0936800/PF3D7_0400400/PF3D7_0413300/PF3D7_1101100/PF3D7_0632400/PF3D7_1254800/PF3D7_1040700/PF3D7_0937500/PF3D7_0600500/PF3D7_0401000/PF3D7_0901500/PF3D7_1400400/PF3D7_0400900/PF3D7_1041100/PF3D7_0115600/PF3D7_1000400/PF3D7_0201200/PF3D7_0600700/PF3D7_0400700/PF3D7_0200600/PF3D7_0900200/PF3D7_0300800/PF3D7_0617700/PF3D7_0832500/PF3D7_0901100/PF3D7_0310400/PF3D7_0901400/PF3D7_0115200/PF3D7_1200200/PF3D7_1255000/PF3D7_1150200/PF3D7_1100400/PF3D7_0833000/PF3D7_1000300/PF3D7_0107700/PF3D7_0808900/PF3D7_0732900/PF3D7_0631900/PF3D7_0300200/PF3D7_0617600/PF3D7_0712600/PF3D7_0632200/PF3D7_0901300/PF3D7_1041000/PF3D7_0702400/PF3D7_1254500/PF3D7_0500500/PF3D7_1040000/PF3D7_1300200/PF3D7_0631800/PF3D7_1040900/PF3D7_0900500/PF3D7_0413100/PF3D7_1373100/PF3D7_0324600/PF3D7_1480000/PF3D7_0904900/PF3D7_0222700/PF3D7_1243900/PF3D7_0425700/PF3D7_1040200/PF3D7_0600300/PF3D7_0808800/PF3D7_0201000/PF3D7_0100200/PF3D7_1149800/PF3D7_1148700/PF3D7_0223100/PF3D7_0200700/PF3D7_0222600/PF3D7_0532900/PF3D7_0100800/PF3D7_0413200/PF3D7_1255100/PF3D7_0937400/PF3D7_0408700/PF3D7_0700200/PF3D7_0100600/PF3D7_1254200/PF3D7_0401300/PF3D7_1040600/PF3D7_0114700/PF3D7_0800400/PF3D7_0713000/PF3D7_1479400/PF3D7_0300400/PF3D7_1021800/PF3D7_1149000/PF3D7_1222700/PF3D7_1254100/PF3D7_0532400/PF3D7_0300500/PF3D7_0732700/PF3D7_1000600/PF3D7_0500800"
"GO:0005798","CC","GO:0005798","Golgi-associated vesicle",6,0.673308514886683,1.65192160274294,0.0469055374592834,0.0469055374592834,0.387137371325309,840,"tags=67%, list=15%, signal=56%","PF3D7_0905900/PF3D7_1134800/PF3D7_0415400/PF3D7_1145100"
"GO:0030660","CC","GO:0030660","Golgi-associated vesicle membrane",6,0.673308514886683,1.65192160274294,0.0469055374592834,0.0469055374592834,0.387137371325309,840,"tags=67%, list=15%, signal=56%","PF3D7_0905900/PF3D7_1134800/PF3D7_0415400/PF3D7_1145100"
"GO:0022624","CC","GO:0022624","proteasome accessory complex",14,0.403906393956145,1.44507373601048,0.0482758620689655,0.0482758620689655,0.387137371325309,3249,"tags=100%, list=60%, signal=40%","PF3D7_1414000/PF3D7_0907700/PF3D7_1402300/PF3D7_0317800/PF3D7_0312300/PF3D7_1017900/PF3D7_0413600/PF3D7_1311500/PF3D7_1008400/PF3D7_1130400/PF3D7_0205900/PF3D7_1248900/PF3D7_1368100/PF3D7_1306400"
"GO:0008649","MF","GO:0008649","rRNA methyltransferase activity",5,0.720042643735077,1.64001393290825,0.0484221980413493,0.0484221980413493,0.387137371325309,806,"tags=40%, list=15%, signal=34%","PF3D7_0821500/PF3D7_1020400"
"GO:0140102","MF","GO:0140102","catalytic activity, acting on a rRNA",5,0.720042643735077,1.64001393290825,0.0484221980413493,0.0484221980413493,0.387137371325309,806,"tags=40%, list=15%, signal=34%","PF3D7_0821500/PF3D7_1020400"
"GO:0043167","MF","GO:0043167","ion binding",84,-0.481974419760171,-1.20060382236632,0.0484951504849515,0.0484951504849515,0.387137371325309,1278,"tags=42%, list=23%, signal=32%","PF3D7_1332600/PF3D7_1446200/PF3D7_0211400/PF3D7_0512900/PF3D7_1211700/PF3D7_1227100/PF3D7_1330600/PF3D7_0907900/PF3D7_0904900/PF3D7_1417000/PF3D7_1206100/PF3D7_1354500/PF3D7_0215800/PF3D7_1401800/PF3D7_1117500/PF3D7_0410700/PF3D7_1342600/PF3D7_0408700/PF3D7_0102500/PF3D7_0415600/PF3D7_1447900/PF3D7_1238900/PF3D7_0824300/PF3D7_1304100/PF3D7_0616000/PF3D7_0816400/PF3D7_0414700/PF3D7_0112200/PF3D7_0504100/PF3D7_1239700/PF3D7_1211000/PF3D7_1246900/PF3D7_1312400/PF3D7_1239500/PF3D7_0724900"
"GO:0005667","CC","GO:0005667","transcription regulator complex",11,0.466910076850227,1.50579056568818,0.0498533724340176,0.0498533724340176,0.387137371325309,1050,"tags=45%, list=19%, signal=37%","PF3D7_0506200/PF3D7_0522200/PF3D7_0929000/PF3D7_0514900/PF3D7_0824800"
